Word,Count
转账,7696
账户,3344
QQ,3210
银行卡,2999
银行,2921
微信,2751
账号,2722
联系,2710
朋友,2546
卡号,2522
信息,2158
需要,1970
冒充,1923
手机,1554
嫌疑,1454
QQ号,1422
。-,1413
好友,1341
没有,1337
收到,1290
转,1287
号,1268
微博,1239
机票,1108
上,1095
添加,1091
自称,978
中国,951
诈,910
万,901
帮忙,873
公司,847
家中,811
邮箱,810
截图,808
使用,799
账,797
被盗,759
遂,734
中国银行,733
中国建设银行,715
同学,712
。，,704
支付,700
购买,688
转给,685
开户,666
不,660
进行,648
有限公司,646
方式,639
中国农业银行,630
支付宝,601
还,598
情况,591
先,587
邮政储蓄,582
然,580
工作,574
APP,564
客服,559
群,555
2,553
内,551
金额,530
发,529
10,524
1,517
儿子,515
收款,511
指定,510
一张,507
已,507
发来,507
核实,504
经理,504
现在,503
意识,502
卡,487
12,487
女儿,483
派出所,475
10000,475
银行账号,470
建设银行,468
去,458
信以为真,455
领导,443
再,439
问,437
消息,436
涉案,428
民警,425
20000,421
开户行,419
5000,416
秒,408
农业银行,407
15,407
一下,403
学校,398
回国,398
.,398
中,391
老板,389
11,388
中国工商银行,388
陌生,388
所称,384
主任,383
发给,381
无,378
9,377
一笔,377
聊天,373
网络,369
想,367
已经,366
小,361
20,361
付款,361
农村,360
左右,355
买,345
工商银行,341
14,340
110,339
共,338
告诉,338
才,337
岁,335
网银,334
16,333
里,332
了解,331
继续,331
帮,331
3,329
操作,328
成功,328
加,326
汇款,324
户籍,319
间,309
点,308
3000,308
便,307
13,305
询问,301
招商银行,300
现,299
18,298
老师,297
8,295
17,292
现住,292
国外,286
下午,283
发送,282
手机号,281
涉嫌,279
建设,279
反诈,278
群里,277
qq,276
报名,274
二维码,274
都,274
居民,274
身份,273
相信,271
信用社,271
没,271
未,270
头像,268
找,266
抖音,266
下载,263
接,261
垫付,260
5,258
农业,255
费用,255
看到,251
19,249
单位,247
急需,247
培训,246
之前,246
称其,240
办理,240
转完,233
显示,233
邮件,230
培训班,230
笔,229
4,228
转款,227
事情,227
住址,226
）-,225
转过,222
知道,221
候,221
事,221
感觉,219
才能,219
转到,217
告知,217
员,217
北京,216
同意,214
会,214
所在地,211
私信,211
尾款,210
报称,210
其于,208
亲戚,208
工商,208
支行,206
6,205
交,204
此事,203
群内,203
汉族,202
充值,201
一条,201
开,200
一共,199
转入,199
发觉,199
在内,198
上午,197
帮助,196
资金,194
刘,194
微博上,189
课程,189
上班,188
不能,188
下,187
第一笔,186
链接,185
张,185
现金,184
24,182
套现,181
再次,179
30000,178
提现,177
名字,177
第二笔,176
住院,175
语音,174
得知,173
网址,173
以为,172
孙子,172
短信,172
两个,171
50000,171
21,171
过去,171
平台,170
接受,170
注册,168
拨打,166
东航,165
孩子,165
交通银行,164
怀疑,163
价值,163
确认,162
熟,161
里面,161
30,161
医院,161
客户,159
系,158
邮政,157
不是,157
同事,156
报,155
软件,155
两笔,154
名称,154
期间,152
网上,152
问题,151
名下,149
YY,149
座机,149
限制,148
指令,147
程度,146
发了,146
缴纳,145
22,144
看,143
经查,143
立即,142
指示,141
付,141
表示,139
名义,139
母亲,139
款,139
记录,139
电信,139
现场,136
代付,135
国内,134
犯罪,134
微博号,134
中心,134
4000,134
不详,134
好,133
不了,133
刑事案件,133
大学,132
直接,132
23,131
是否,131
群号,130
就让,129
称要,129
不对劲,129
学费,129
限额,128
方便,128
6000,128
订单号,128
宣传,127
扫码,127
不上,126
登录,125
觉得,125
绑定,125
上网,125
7,124
退款,123
花,123
急用,121
姓名,121
15000,120
晚上,120
文化,119
完成,119
处理,119
一会,119
调查,119
延迟,118
拉,118
子,118
群众,117
取,117
推荐,117
亚马逊,117
红包,116
并称,116
今天,115
之间,115
发生,115
公安局,115
一起,115
柜台,115
申请,114
一级,114
手段,114
清华大学,113
定金,113
航空公司,112
删除,112
家里,112
李,111
50,111
李经理,110
所接,110
快手,109
证券,109
有个,109
教务处,109
18000,108
需,107
交易,107
东方航空,107
接称,107
内容,107
钉,106
称有,106
冻结,106
作案,106
49800,105
商业银行,104
视频,104
科技,104
一名,104
退费,103
借款,103
加上,103
发消息,103
8000,103
早上,103
农商,102
群聊,102
姐姐,101
材料,101
妹妹,99
1000,99
只能,99
案件,99
40000,99
家长,99
次,99
随即,98
接警,98
2000,98
点击,98
政治面貌,97
初中,97
玩,97
凌晨,95
还给,95
），,95
。（,95
订购,95
表姐,95
可能,95
江苏,95
登陆,94
让给,94
中午,94
出,93
app,93
受伤,93
过来,92
新,92
采集,92
回复,92
想要,92
银,91
两次,91
不够,91
认识,90
余额,90
持卡,90
保证金,90
并未,89
飞机票,89
给我发,88
上面,88
其发,88
职业,87
高中同学,87
国家,87
谎称,86
订单,86
培训费,86
学习,86
父亲,86
盗用,86
着急,85
通话,85
进入,85
上海,85
名叫,84
原因,84
9800,84
4800,84
刷,84
走,84
学生,84
其称,84
业务,84
其微信,83
单,82
疫情,82
名为,81
并发,81
参加,81
相关,81
码,80
第三笔,80
出票,80
平安,80
广发,80
沟通,79
导致,78
班主任,78
受,78
这笔,78
跨行,75
全民,75
答应,75
室,75
外孙,75
准备,75
--,74
公安机关,74
虚假,74
~,74
理由,74
这件,74
查看,74
27,73
外汇,73
正在,73
提示,73
制作,73
用户,72
老公,72
通知,72
女性,72
假,72
缴费,72
信任,72
休息,72
查询,71
帮其,71
浦发银行,71
预定,71
加入,71
性别,70
位于,70
5800,70
第二天,70
图片,70
中信银行,70
做手术,70
很,70
教育,70
来电,70
7000,69
12000,69
中国邮政,69
40,69
工具,69
不要,69
声称,69
总,69
26,69
所谓,68
开展,68
名额,68
妻子,68
发过来,68
妈妈,68
回事,67
侄子,67
又称,67
案犯,66
生病,66
请,66
表妹,65
09,65
聊,65
学历,65
证据,65
19800,65
扫描,65
股份,64
实施,64
美国,64
指挥,64
路,64
报名费,64
退,64
回,64
弟弟,63
照片,63
补习班,63
英国,63
家,63
双方,63
借给,63
回来,62
诈案,62
经济舱,62
男子,62
换,62
实际,62
完,62
三笔,62
具体,62
其本,62
本市,62
用于,61
办事,61
兴业银行,61
供应商,61
还要,61
办法,61
办公室,61
升舱,61
总计,61
打款,60
合同,60
外甥,60
咨询,60
均,59
假冒,59
网友,59
25,59
笔录,59
wxid,59
`,58
课,58
请求,58
关注,58
开户银行,58
备注,58
验证,58
0,57
多想,57
_,57
手机网,57
盗取,57
周转,57
小号,57
接报,57
第一次,57
】-,57
黑,57
3800,57
打架,57
受理,56
100,56
局,56
80000,56
28,56
境外,56
送礼,56
加其,56
费,56
然给,56
其加,56
联合社,55
律师,55
返还,55
有没有,55
报名处,55
7800,55
。至,55
确实,55
500,55
29,55
投资,55
流水,55
明天,55
在家,54
交通,54
贷款,54
过程,54
出来,54
名,54
索要,54
财务,54
网站,54
佛跳墙,54
押金,54
9000,54
企业,54
根本,53
机场,53
声音,53
新浪,53
真实,53
48000,52
6800,52
希望,52
卖,52
资料,52
卡里,52
快,52
08,52
45,52
京东,51
其用,51
故来,51
微信名,51
陈,51
00,51
编号,51
认为,51
留学,50
漫游,50
第二次,50
Q,50
币,50
转帐,50
聊天记录,50
南航,50
大队,49
大,49
丈夫,49
行,49
24000,49
推送,49
去向,49
然让,49
扫,49
42,49
医药费,49
重新,49
提出,49
网上银行,48
称因,48
一次,48
注销,48
无业,48
ID,48
形式,48
60000,47
我队,47
货款,47
马上,47
冒用,47
上当,47
农行,47
航空,47
解散,47
尤二风,47
找到,47
35,47
订票,47
王,47
外孙子,46
赶紧,46
目前,46
交纳,46
抖,46
误以为,46
系统,46
问其,46
商贸,46
群里发,46
对公,45
当事,45
社区,45
补贴,45
帐号,45
最,45
39800,45
05,44
察觉,44
听,44
红酒,44
不到,44
配合,44
国际,44
只,44
急,44
输入,43
采购,43
打来,43
介绍,43
安排,43
吃饭,43
取得联系,43
拉进,43
群中,43
前,43
三次,43
看见,43
当天,43
凭证,43
出车祸,42
华夏银行,42
涉及,42
真的,42
来到,42
熟诈,42
引导,42
通讯,42
项目,42
厂家,42
在线,42
朋友圈,42
赔偿,42
突然,42
东西,42
侦查,42
贸易,42
侄女,41
活动,41
代为,41
合计,41
"。,",41
工程,41
亲属,41
负责,41
晚,41
亲友,41
先转,41
明星,41
手续费,41
指导,41
熟类,40
07,40
登记,40
自行,40
是不是,40
网银向,40
国际版,40
邮储,40
三个,40
员工,40
父母,40
云闪付,40
找回,40
其微博,40
真正,39
教授,39
没收,39
两万,39
事宜,39
隔离,39
组织,39
高娟,39
检,39
服务,39
电脑,39
代买,39
订,39
200,39
退还,38
由取,38
31,38
16000,38
弄,38
音上,38
处,38
剩下,38
其才,37
55,37
微信群,37
求助,37
一万,37
电子,37
上课,37
讲,37
看病,37
忙,37
53,37
然他,37
先行,37
13000,37
网页,37
没到,37
话,37
学院,37
处警,37
ATM,36
整,36
清华,36
浙江,36
表弟,36
价格,36
38600,36
本案,36
确定,36
头等舱,36
03,36
比较,36
民生银行,36
来自,36
消费,36
失败,36
哥哥,36
一会儿,36
饱和,36
安装,35
手机卡,35
等到,35
.-,35
男性,35
商户,35
诱导,35
金,35
多次,35
其向,35
林,35
卡主,35
如下,35
面,35
建行,35
助理,35
大概,35
47,35
进群,35
领取,35
英语,34
类,34
邀请,34
到达,34
打开,34
本科毕业,34
附近,34
以前,34
礼物,34
购票,34
天津,34
29800,34
南方,34
赵,34
收,34
签证,34
返款,34
补课费,34
河北,34
林小霞,34
发到,34
先给,34
54,33
04,33
不好,33
总经理,33
私聊,33
办,33
其因,33
关系,33
差,33
重庆,33
饱和状态,33
两张,33
会计,33
06,33
两,33
密码,33
款项,33
账单,32
出警,32
升级,32
老,32
机构,32
有点,32
19000,32
安徽省,32
合作,32
要交,32
报立,32
然在,32
江苏省,32
38,32
湖北,32
搜索,32
选择,32
类型,31
9900,31
进,31
商家,31
交流,31
箱,31
出现,31
核对,31
今,31
证件,31
票,31
挂断,31
46,31
住,31
48600,31
48,31
。左右,31
转至,31
处于,31
冯,31
称微信,31
手上,31
34,31
现已,31
书记,31
地点,31
任务,31
别是,31
关闭,31
返利,31
操作失误,31
急事,31
所有,31
02,31
经济,30
回款,30
受限,30
不想,30
一部,30
发布,30
看不到,30
相似,30
汇,30
14000,30
。接,30
正常,30
招商,30
异常,30
续,30
直播,30
点多,30
迅速,30
前往,30
卡上,30
安全,30
交费,30
称其于,30
4500,29
抓,29
固定,29
上海银行,29
涉诈,29
A,29
36,29
明细,29
家住,29
就要,29
居住地,29
录入,29
总共,29
止付,29
二,29
大专,29
一模一样,29
发展,29
进去,29
44,29
交学费,29
华泰,29
服务员,29
出纳,29
微博名,29
：-,29
还款,29
贵阳,29
59,29
99,29
法,29
老板娘,28
广东,28
32,28
集团,28
此案,28
主动,28
中国民生银行,28
东方航空公司,28
拟立,28
接待,28
苏州,28
57,28
尽快,28
爱,28
周,28
卡内,28
预订,28
】，,28
发红包,28
一门,28
办公,28
吴,28
方知,28
该案,28
商量,28
必须,28
其便,28
38000,28
清单,28
昨天,28
护照,28
其拉黑,28
手术,28
补课,28
平,27
先是,27
一份,27
解冻,27
回家,27
发邮件,27
36000,27
直到,27
代理,27
财物,27
33,27
南京,27
发送给,27
01,27
高中,27
毕业,27
包,27
约,27
电子邮箱,27
补习,27
198,27
票务,27
验证码,27
58,27
中信,27
宿舍,27
没多想,27
广州,27
高,27
接通,27
韩,27
徐,27
归属,26
谈,26
第四,26
协办,26
刚,26
解决,26
店,26
其要,26
定,26
获取,26
预留,26
私,26
腾讯,26
镇,26
退回,26
2022,26
超,26
1500,26
25000,26
52,26
起来,26
受过,26
见面,26
云南省,26
上学,26
事实,26
杨,26
报在,26
广东省,26
51,26
储蓄卡,26
清楚,26
规划师,26
随给,26
购物,26
别为,25
随在,25
游戏,25
怎么回事,25
班级,25
刘聪,25
达,25
查,25
全部,25
35000,25
我局,25
清退,25
打伤,25
49600,25
假借名义,25
工号,25
承诺,25
工地,25
然其,25
代购,25
27000,25
相同,25
之称,25
份,25
额度,25
小学,25
王经理,25
利用,25
姐夫,25
过期,25
催促,24
名片,24
光大银行,24
返回,24
37,24
群名,24
扣款,24
商务,24
遇到,24
未有,24
得到,24
宁波,24
浏览,24
社交,24
苏宁,24
易购,24
称于,24
36800,24
花红,24
三,24
页面,24
金融,24
上海浦东发展银行,24
信用卡,24
一事,24
最近,24
吴经理,24
太,24
24800,24
物品,24
先交,24
广西,24
预警,24
管理,24
泄露,24
，-,24
41,24
收取,24
手,23
帐户,23
严重,23
赶到,23
认证,23
帐,23
凑,23
医生,23
现实,23
一封,23
现勘,23
保平,23
本名,23
街道,23
自称为,23
主播,23
值班,23
每个,23
钟,23
以上,23
以要,23
。称,23
订金,23
陈经理,23
其当,23
卡卡,23
销售,23
加急,23
然再,23
案发,23
43,23
公司法,23
70000,23
第二个,23
张凤,23
发微信,22
店里,22
页,22
生活,22
会议,22
手续,22
填写,22
网名,22
未到,22
机,22
回到,22
辖区,22
暂,22
卡向,22
账为,22
来电显示,22
36700,22
尾号,22
反映,22
女子,22
实名,22
其为,22
器材,22
中学,22
300,22
退休,22
加微信,22
推给,22
金兰,22
流水号,22
挂,22
初中文化,22
理财,22
这是,22
45000,22
被拉进,22
错误,22
订机票,22
39,22
垫,22
发货,22
补,22
对象,22
中称,22
打到,22
两门,22
存在,21
3600,21
万到,21
对接,21
技术,21
河北省,21
3500,21
这才,21
黄,21
8800,21
伪造,21
知,21
区,21
直播间,21
方案,21
董事长,21
杨玉君,21
虚构,21
王净,21
福利,21
第三次,21
配电箱,21
很多,21
韩国,21
生意,21
老婆,21
手里,21
展开,21
预存,21
17000,21
转出,21
r,21
系其,21
上述,21
河南,21
随其,21
台,21
轻信,21
食品,21
其拉进,21
订餐,21
存入,21
刘老师,21
饭店,21
实,21
指引,21
称先,21
快递,21
存折,20
号楼,20
不会,20
存款,20
加为好友,20
写,20
怕,20
提醒,20
资金周转,20
4700,20
结束,20
并非,20
卖家,20
开卡,20
详情,20
过防诈,20
雪松,20
转回,20
28000,20
学生家长,20
粉丝,20
72000,20
手术费,20
邻居,20
商行,20
伟,20
23000,20
一位,20
数学,20
37600,20
波动,20
个体,20
39600,20
外甥女,20
其先,20
售票,20
辅导班,20
yy,20
幢,19
这次,19
教导,19
杭州,19
中铁,19
孙光,19
49,19
为名,19
15800,19
次数,19
招聘,19
陆续,19
周福明,19
设备,19
600,19
网,19
信,19
班,19
汇到,19
警情,19
酒店,19
带,19
外面,19
理赔,19
专员,19
李柄,19
赶至,19
有限责任,19
不让,19
接收,19
支持,19
学,19
外国,19
6500,19
飞机,19
前来,19
有事,19
Ｑ,19
回单,19
买票,19
行李,19
几句,19
四川,19
中国光大银行,18
想着,18
睡觉,18
明,18
三万,18
内部,18
所在,18
学习班,18
闺女,18
意思,18
委托,18
在意,18
立,18
遭遇,18
33000,18
往来,18
微,18
接听,18
留言,18
市,18
栋,18
剩余,18
内蒙古,18
本科,18
识别,18
47400,18
紧急,18
欣宜,18
三门,18
属于,18
在外,18
队,18
维护,18
笔是,18
供货商,18
出事,18
已查,18
农,18
其是,18
爸爸,18
挺,18
葛凯,18
一致,17
498.5,17
厂家直销,17
商城,17
物流,17
刑事,17
98,17
农信,17
深圳市,17
证,17
仍,17
刚才,17
百之,17
以交,17
拟作,17
盈利,17
一批,17
11000,17
美,17
是子,17
景泽,17
一点,17
取其,17
截止,17
孙,17
处置,17
功能,17
治疗,17
总金额,17
风控,17
）（,17
叶,17
误认为,17
表哥,17
非,17
云,17
所属,17
短信内容,17
56,17
管理员,17
封,17
账上,17
农村信用,17
居住,17
进一步,17
不知情,17
返,17
98000,17
车祸,17
一款,17
勘查,17
成,17
位置,17
无声,17
王万香,17
开启,17
医疗费,17
成都,17
万多,17
套,17
商品,17
百度,16
经办,16
46800,16
大专文化,16
累计,16
迟迟,16
21000,16
其微,16
获得,16
生,16
影响,16
6900,16
一半,16
送,16
13800,16
侵害,16
催,16
买手机,16
28600,16
16800,16
政府,16
方法,16
四,16
低,16
简单,16
万余,16
期,16
开通,16
我加,16
协商,16
无锡,16
辅警,16
26000,16
常州,16
19600,16
详见,16
转点,16
做生意,16
浙江省,16
方,16
厂商,16
微博是,16
经营,16
刑侦,16
纹,16
杨经理,16
更换,16
几钟,16
共享,16
万给,16
无涉,16
拟报,16
发在,16
界面,16
外地,16
电气,16
6600,16
脑溢血,16
立马,16
闺蜜,15
解封,15
22000,15
千,15
打入,15
听到,15
求证,15
当地,15
自动,15
取消,15
帮个,15
随让,15
红,15
原来,15
网银给,15
一定,15
乘坐,15
双卡,15
油漆,15
安徽,15
e,15
通,15
反应,15
该称,15
汽车,15
下发,15
银行帐号,15
退回来,15
袁,15
没法,15
李老师,15
本金,15
山西,15
电诈,15
一科,15
一天,15
德国,15
实业,15
舅舅,15
沈先玲,15
称想,15
n,15
下来,15
段,15
小孩,15
问要,15
口令,15
一个包,15
劵,15
出去,15
掉,15
流,15
江西,15
商业,15
屏幕,15
抢,15
住院费,15
昨,15
公众,15
一段,15
贵州,15
49000,15
下单,15
行为,15
群已,15
：，,15
优惠券,15
赵郑,15
回去,15
媳妇,15
见,15
姑姑,15
小区,15
大哥,15
电缆,15
第五,15
应急,15
天,15
级,15
32000,15
马,15
虚拟,14
教师,14
云南,14
电子邮件,14
浏览器,14
查处,14
33200,14
床垫,14
名额有限,14
第一,14
企点,14
研究生,14
对冲,14
是因为,14
被取,14
50%,14
托运,14
街,14
一次性,14
陈聪,14
到场,14
征信,14
正,14
大街,14
新区,14
9500,14
港币,14
联社,14
赔,14
交了,14
深圳,14
普通,14
保险,14
河南省,14
余,14
7500,14
产生,14
公司财务,14
加拿大,14
几天,14
布警,14
26800,14
二十,14
不同,14
万转,14
四个,14
第一个,14
16500,14
2500,14
拒绝,14
小面,14
货,14
部,14
北京市,14
地方,14
证实,14
贷,14
董事,14
微信里,14
苹果,14
通知书,14
因在,14
拘留,14
卸载,14
我用,14
19860,14
不接,14
借过,14
吉林,14
系统升级,14
开会,14
问问,14
东莞,14
经常,14
看看,14
小心,14
部门,14
就加,14
原,14
稍,14
真,14
34000,14
早晨,14
账称,14
踢,14
。我,13
业务员,13
第三方,13
授课,13
能够,13
窗口,13
代理商,13
其问,13
其看,13
党委书记,13
高中文化,13
推,13
别向,13
能否,13
张老师,13
3700,13
学习机,13
科目,13
公户,13
康小娜,13
赚,13
中队,13
来队,13
工行,13
张虹,13
本区,13
注意,13
货物,13
其转,13
有用,13
成员,13
3300,13
柜面,13
12400,13
直至,13
这张,13
96000,13
解除,13
之以,13
党员,13
IMEI,13
29000,13
担保,13
坏,13
家属,13
​,13
预约,13
该笔,13
称未,13
文件,13
5900,13
称该,13
B,13
计算机,13
取得,13
东方,13
空,13
提前,13
已婚,13
2600,13
16600,13
其家,13
一为,13
流程,13
税务,13
补齐,13
19862,13
底,13
加其为,13
兄弟,13
空调,13
一通,13
教育局,13
31600,13
酒,13
解释,13
刚刚,13
收费,13
民生,13
西,13
其未,13
更,13
非常,13
一家,13
股东,13
大约,13
教,13
忘记,13
海通,13
外,13
困难,13
手机短信,12
流向,12
套花,12
转出去,12
未婚,12
大家,12
预付款,12
未成,12
近期,12
不用,12
。*,12
阳光,12
放,12
抢救,12
第四次,12
上去,12
站,12
授权,12
没这回事,12
芥,12
赶赴现场,12
山西省,12
拉入,12
文字,12
27600,12
大学本科,12
三张,12
资深,12
口,12
同样,12
拉黑,12
要报,12
存,12
女友,12
动手术,12
白条,12
厂长,12
保,12
万整,12
白丽莉,12
电子商务,12
万块,12
用来,12
桶,12
原音,12
关键词,12
艾特,12
振兴,12
会到,12
山东省,12
女朋友,12
添,12
机上,12
室友,12
报考,12
沃姆斯,12
随将,12
登机,12
将款,12
诱使,12
读书,12
1300,12
郭,12
爷爷,12
有加,12
外婆,12
小李,12
警,12
倒,12
立刻,12
家庭,12
网易,12
中转,12
代,12
医药,12
2800,12
打通,12
造成,12
付清,12
老乡,12
寻求,12
联合,12
消防,12
我本,12
App,12
送到,12
乳胶漆,12
地区,12
担心,12
民,12
风险,12
打点,12
32500,12
撞,12
47000,12
驾驶证,12
关联,12
国际漫游,11
无锡市,11
借为,11
以网,11
其个,11
叔叔,11
8500,11
号称,11
几个,11
考试,11
之会,11
王伟,11
88000,11
剩,11
互加,11
建筑,11
诈其,11
其拉入,11
女婿,11
出于,11
交完,11
打过,11
中国共产党,11
淘宝,11
60,11
袁松,11
中原,11
机电,11
战友,11
很着急,11
李小英,11
附,11
下班,11
执行,11
扣除,11
赶快,11
群主,11
曹,11
先帮,11
老家,11
胡,11
安卓,11
10000.00,11
电箱,11
封控,11
小学同学,11
礼盒,11
返现,11
昨天晚上,11
问借,11
好多,11
开心,11
一微信,11
互相,11
一看,11
入,11
打字,11
城,11
该群,11
学姐,11
正好,11
刘丽华,11
两位,11
信号,11
开发区,11
打了个,11
诈子,11
消防队,11
孙凤霞,11
尚,11
就行,11
干活,11
陈芥,11
湖南,11
新村,11
38400,11
司机,11
3200,11
12800,11
他发,11
补交,11
长宁区,11
删,11
华,11
组,11
602,11
借点,11
山东,11
120,11
中介,11
驾校,11
嫂子,11
教导处,11
来称,11
兴业,11
清算,11
数据,11
没多久,11
记得,11
昨晚,11
商,11
包裹,11
受案,11
订货,11
兑换,11
66000,11
报班,11
海文,11
归还,11
POS,11
曾茂,11
考虑,11
补助,11
长春市,11
行政,11
警察,11
598,11
三方,11
退出,10
甲,10
单子,10
不通,10
42600,10
老总,10
高佳颖,10
绑,10
发其,10
陶阳,10
专用,10
喝,10
努力,10
投屏,10
玩游戏,10
证明,10
学科,10
教学,10
两小,10
微信发,10
想想,10
铭,10
抓紧,10
借口,10
交易所,10
内转,10
优惠,10
工业,10
专科毕业,10
IP,10
.，,10
０,10
银联,10
交给,10
住处,10
打工,10
然称,10
公安,10
保障,10
昆山,10
接此,10
晚点,10
10500,10
常万河,10
不明,10
移交,10
吃,10
科,10
宝贵,10
保监会,10
id,10
渠道,10
先付,10
失联,10
账是,10
托运费,10
仓,10
门口,10
新手,10
盗窃,10
未向,10
内到,10
卡中,10
不行,10
部队,10
五万,10
上海市,10
胡珍,10
无嫌疑,10
被拉入,10
普陀区,10
李海,10
90,10
晴天,10
旸,10
邮寄,10
鹿淑兰,10
402,10
询问笔录,10
正规,10
。在,10
赶往,10
海外,10
1200,10
201,10
转好,10
智能,10
事儿,10
口音,10
详细,10
账款,10
三科,10
发微,10
校长,10
其以,10
手头,10
选项,10
长,10
68000,10
韩珍,10
设置,10
上级领导,10
张强,10
冒称,10
然发,10
硕士,10
总行,10
打坏,10
房东,10
登不上,10
旁边,10
服务中心,10
一只,10
还发,10
镇政府,10
姓,10
302,10
朋友家,10
刷抖音,10
85000,10
学员,10
仅,10
拿到,10
18600,10
四次,10
依旧,10
脸,10
有效,10
陈老师,10
以帮,9
搜狐,9
汇丰银行,9
建立,9
蛋糕,9
将拉入,9
十,9
身上,9
舱,9
回答,9
核查,9
系列,9
莉莉,9
网络科技,9
增值,9
加升,9
银给,9
不再,9
5200,9
其到,9
户,9
粤,9
PP,9
买包,9
安歌,9
8600,9
，，,9
问能,9
违规,9
扣,9
出纳员,9
称为,9
推倒,9
蜻蜓,9
导师,9
四笔,9
用网,9
之才,9
二级,9
电子科技,9
随向,9
初查,9
妈,9
传媒,9
5600,9
白鹿,9
付给,9
今天下午,9
10100,9
轮胎,9
；-,9
汇报,9
27800,9
罐头,9
苏州市,9
点开,9
29600,9
称会,9
大使馆,9
变更,9
移民局,9
愿意,9
每次,9
经向,9
彭,9
食材,9
180,9
生成,9
上加,9
错过,9
姥姥,9
未能,9
那名,9
38900,9
T,9
每天,9
46000,9
提到,9
早,9
3900,9
假装,9
辽宁省,9
属实,9
招行,9
师,9
好处费,9
受损,9
中国东方航空公司,9
小周,9
浦发,9
44000,9
爆发,9
装饰,9
转发给,9
出示,9
提取,9
以买,9
水泥,9
事件,9
900,9
奶奶,9
警称,9
5700,9
鞍山,9
5300,9
营业厅,9
再交,9
第五次,9
楼,9
。。,9
开票,9
璘,9
35600,9
叶陈,9
之到,9
李总,9
开设,9
肇庆,9
王帅,9
筹,9
王桂凤,9
)-,9
第六,9
下课,9
朱汉宝,9
这名,9
暂住地,9
老伴,9
故其,9
智联,9
乔冬梅,9
看望,9
欠,9
每门,9
柳文寒,9
龄,9
简要,9
案情,9
几次,9
见到,9
梨子,9
31500,9
鑫,9
全程,9
那宝春,9
正电子,9
工,9
飞,9
防疫,9
取出,9
采用,9
害怕,9
病,9
备案,9
999,9
以借,9
满,9
不足,9
楼下,9
林佳纯,9
张家港,9
基本,9
因微信,9
进货,9
首次,9
从未,9
变成,9
以微信,9
下款,9
吉林省,9
利息,9
产品,9
卡给,9
一周,9
58000,9
其有,9
余款,9
充,9
微博给,9
203,9
周转资金,8
钢材,8
交付,8
徐汇区,8
拟,8
支票,8
会员,8
福州,8
7200,8
湖北省,8
拨通,8
其帮,8
零,8
地铁,8
发案,8
然以,8
丰台区,8
技术开发区,8
37000,8
这种,8
150,8
55000,8
19700,8
科技股份,8
款为,8
打游戏,8
上称,8
辅导,8
其想,8
汇入,8
谢,8
乐播,8
美玲,8
卡转,8
警力,8
朱金棋,8
代其,8
演戏,8
i,8
于今,8
点钟,8
胶水,8
行号,8
银向,8
99600,8
跟着,8
其交,8
然用,8
1600,8
报销,8
座位,8
对面,8
网贷,8
物业,8
IMEI2,8
IMEI1,8
可用,8
俩,8
修复,8
对话框,8
29400,8
姜,8
即可,8
诚信,8
随发,8
然把,8
上以,8
事项,8
喝酒,8
189,8
听信,8
境内,8
商务英语,8
报课,8
妹夫,8
通道,8
金坛,8
11800,8
小爽,8
统一,8
王慧,8
差价,8
中行,8
失效,8
发生冲突,8
觉,8
称现,8
机向,8
见过面,8
28800,8
到期,8
局称,8
劳务,8
尤二风发,8
打算,8
鸿,8
疑似,8
渤海,8
东路,8
至今,8
路边,8
应该,8
781,8
法国,8
发出,8
所述,8
退还给,8
等待,8
预付,8
上善若水,8
全额,8
换卡,8
其子,8
闵行,8
甜茶,8
9600,8
小张,8
内有,8
摔倒,8
小姨,8
步骤,8
这回,8
用本,8
金晶,8
进来,8
贺银,8
债权,8
北路,8
其们,8
王宁,8
代转,8
堂妹,8
39000,8
4950,8
太原市,8
建筑工程,8
留,8
包括,8
尾款付清,8
系统维护,8
银行贷款,8
南,8
检测,8
因其,8
被子,8
立案侦查,8
蒙,8
不知,8
罚款,8
协助,8
经销商,8
政策,8
丢失,8
称系,8
苏,8
guo,8
非接触性,8
。于,8
对话,8
雄,8
银行帐户,8
固话,8
语气,8
其来,8
民泰,8
香山,8
串号,8
查明,8
两科,8
gky,8
货车,8
800,8
上发,8
然将,8
之内,8
010,8
工程款,8
考研,8
候其,8
4999,8
回执单,8
巴菲特,8
专业,8
诚通,8
嫖娼,8
不理,8
受到,8
大连,8
专门,8
7600,7
63200,7
其汇,7
打嗝,7
51800,7
因该,7
中有,7
延,7
特殊,7
接局,7
用为,7
检的,7
资金流,7
其拉到,7
建设工程,7
12500,7
33600,7
保险公司,7
过渡,7
4200,7
不像,7
二哥,7
万至,7
搞,7
保送,7
哔哩,7
微粒,7
途中,7
消防大队,7
先用,7
物资,7
江南,7
之有,7
上门,7
银行存折,7
19525,7
拼,7
微博称,7
内向,7
这事,7
开头,7
谈论,7
亲家,7
54400,7
以有,7
普通话,7
301,7
打问,7
接触,7
要加,7
房间,7
未经,7
支箱,7
采购员,7
本科文化,7
工厂,7
纠纷,7
十万,7
矛盾,7
姥爷,7
相应,7
票号,7
2022.10,7
商量一下,7
海南省,7
改成,7
叶子,7
小群,7
宋,7
2021,7
吴云卓,7
属,7
36200,7
哥,7
56000,7
欣雅,7
事故,7
王老师,7
一听,7
装修,7
蓝,7
武汉,7
李可心,7
营业所,7
大额,7
男朋友,7
四万,7
事发,7
当面,7
电器,7
信息技术,7
礼包,7
核酸,7
同一个,7
现要,7
4900,7
再付,7
岳阳县,7
华夏,7
状态,7
E,7
费为,7
起诉,7
花费,7
统计,7
物色,7
附件,7
2100,7
运营,7
闲鱼,7
61,7
乐,7
孙女婿,7
锂电池,7
广告,7
目的,7
办证,7
23800,7
建议,7
谈好,7
跨国,7
需其,7
对手,7
至此,7
审核,7
上海浦东,7
付定金,7
收益,7
台州,7
回关,7
储汇,7
4300,7
群友,7
随以,7
表舅,7
39200,7
其其,7
86000,7
88,7
69000,7
江阴,7
属地,7
46200,7
每笔,7
30%,7
抢购,7
不久,7
天津市,7
一台,7
其姐,7
银监会,7
12600,7
包过,7
提交,7
礼品,7
恒丰,7
称微博,7
四会市,7
全称,7
最终,7
堂哥,7
20680,7
杨微,7
激活,7
84000,7
之用,7
）至,7
路上,7
伙伴,7
立组,7
职工,7
租客,7
重要,7
饭,7
代付款,7
凌云,7
管辖,7
税,7
202,7
微博为,7
开为,7
汇款单,7
叫做,7
劳动,7
尚德,7
紧张,7
。【,7
举报,7
签名,7
邹,7
消防泵,7
待业,7
1.5,7
开展调查,7
www,7
要账,7
候在,7
专升本,7
完以,7
呈请,7
王子,7
TIM,7
七,7
31200,7
在读,7
41000,7
却,7
可不可以,7
以向,7
一杯,7
证书,7
身,7
约定,7
经查明,7
之向,7
)，,7
40800,7
线上,7
建材,7
运费,7
村,7
睡,7
沈河局,7
。号,7
点多钟,7
身体,7
合适,7
四川省,7
块,7
加完,7
持有,7
股票,7
青,7
K,7
诱,7
代办,7
口头,7
尝试,7
5500,7
项目部,7
用途,6
大姨,6
张璠,6
该席,6
401,6
熟悉,6
抓获,6
干妈,6
面试,6
中专文化,6
借用,6
其抖音,6
4600,6
码给,6
简历,6
域名,6
廖,6
讨论,6
信用,6
交税,6
支队,6
称号,6
会先,6
卢,6
女主播,6
花园,6
越,6
微博已,6
奶茶,6
规定,6
管控,6
调查取证,6
27200,6
从中,6
程序,6
过会,6
想起,6
红艳,6
武帝,6
二次,6
答复,6
随便,6
机电设备,6
75000,6
47600,6
会长,6
第六次,6
力,6
常熟,6
海口,6
开口,6
领,6
把拉进,6
9300,6
水里,6
孙智海,6
销售部,6
欧,6
类似,6
董,6
现来,6
达到,6
8700,6
下载安装,6
身边,6
储蓄,6
多多,6
同一,6
一对一,6
白金,6
蔡,6
办好,6
问其要,6
给子,6
村镇,6
31000,6
甲犯,6
张美慧,6
以报,6
共有,6
乙犯,6
2019,6
然向,6
q,6
快要,6
漂泊,6
大一,6
光大,6
税款,6
几笔,6
龙江,6
天府,6
房租,6
贵州省,6
单号,6
删掉,6
批发,6
２,6
治病,6
更好,6
刘先平,6
其查,6
暂住,6
汇给,6
大连市,6
此次,6
第三个,6
打个,6
监理,6
西路,6
25800,6
周五,6
然问,6
将会,6
笔共,6
创建,6
微博有,6
欠款,6
计,6
初步,6
找要,6
店内,6
超市,6
航班,6
回扣,6
59600,6
南京市,6
包装,6
还称,6
嗨,6
电力,6
的确,6
推脱,6
VIP,6
滨海,6
对应,6
合作社,6
是否是,6
之发,6
一组,6
20000.00,6
票款,6
出售,6
对劲,6
杨柳,6
床,6
道,6
资源,6
没过多久,6
桃子,6
卖票,6
职务,6
改为,6
女生,6
广西壮族自治区,6
营业部,6
勘验,6
注,6
办完,6
乳胶,6
自述,6
32800,6
五笔,6
。：,6
102,6
开车,6
带回,6
财富,6
神州,6
群内发,6
9999,6
。；,6
海南,6
现需,6
手中,6
北机,6
连续,6
1999,6
段太明,6
处所,6
。(,6
利率,6
编程,6
。接称,6
70%,6
喵,6
转来,6
表,6
吕父,6
随机,6
不断,6
资金来源,6
江阴市,6
拉近,6
陈明,6
记,6
欧阳,6
龙津,6
室内,6
共向,6
高中毕业,6
然高娟,6
1800,6
院长,6
课外,6
com,6
预购,6
果果,6
梦,6
中专,6
收据,6
四千,6
机械设备,6
没想,6
涉,6
警员,6
城市,6
一中,6
张正亚,6
头,6
聚会,6
被车撞,6
感染,6
6200,6
前面,6
想到,6
兼职,6
江西省,6
向发,6
致使,6
不好意思,6
45600,6
江,6
报给,6
该是,6
精密,6
家常,6
女士,6
今天上午,6
位,6
浦东发展银行,6
型号,6
猫友,6
几张,6
空间,6
南通,6
晏辰,6
飏,6
微博中,6
救急,6
小弟,6
陪,6
高低,6
邢,6
星星,6
顺铃,6
翁,6
刚好,6
否认,6
。来,6
18863,6
闪付,6
翁柳柳,6
电脑课,6
打赏,6
499,6
部长,6
制造,6
卫生用品,6
要付,6
笔款,6
卖完,6
美金,6
唯芳,6
信用联社,6
汽车零件,6
一并,6
90000,6
候有,6
文化传媒,6
48800,6
公告,6
飞往,6
上来,6
。,6
沈阳市,6
49200,6
回应,6
先借,6
办案,6
领航,6
六,6
私事,6
双,6
世界,6
姑丈,6
电池,6
延期,6
该卡,6
故未,6
工资,6
售,6
700,6
大鹏,6
主管,6
麻烦,6
升学,6
伪装,6
苏苏,6
上传,6
37200,6
3400,6
寒暄,6
业绩,6
73000,6
地为,6
20%,6
西部,6
信称,6
报上,6
小龙,6
保南哥,6
三台,6
兰州,6
城区,6
接待员,6
资料费,6
客户经理,6
共转,6
中国东方航空,6
发过,6
图,6
发放,6
其去,6
刷新,6
】（,5
方面,5
转去,5
学期,5
类诈,5
转笔,5
餐厅,5
逐,5
首页,5
按用,5
黑龙江省,5
被拉到,5
黄金,5
数额,5
太贵,5
缺,5
2300,5
高兴,5
四维,5
用品,5
手机操作系统,5
依法,5
14400,5
卞,5
建,5
包含,5
顾赟,5
听课,5
喊,5
需交,5
韩素芬,5
所明,5
23600,5
1900,5
洗脱,5
寄,5
是从,5
航班信息,5
中间,5
发小,5
二笔,5
63600,5
谢谢,5
十二点,5
硅谷,5
顾客,5
微博发,5
投,5
俄罗斯,5
取票,5
交涉,5
4980,5
餐饮,5
多笔,5
听从,5
商谈,5
耽误,5
试卷,5
顾问,5
师姐,5
参谋,5
当中,5
打称,5
220,5
青春,5
3100,5
借到,5
买货,5
视频会议,5
21500,5
梁经理,5
天猫,5
集团公司,5
博上,5
不愿,5
农业局,5
研究院,5
苹果园,5
旅游,5
8900,5
小燕,5
涟,5
王莉,5
然就加,5
研究所,5
浙益,5
长沙,5
全面,5
本学期,5
病情,5
情,5
急救,5
王双,5
29700,5
系称,5
张家港市,5
心,5
便于,5
始终,5
牌,5
97200,5
昨天下午,5
辅助,5
转向,5
世家,5
。大,5
和谈,5
稠州,5
建哥,5
该员,5
85800,5
发票,5
不锈钢,5
报价,5
没接,5
警方,5
连接,5
9700,5
赌博,5
系于,5
售卖,5
利用计算机,5
闪闪,5
局站,5
金州,5
合隆,5
62000,5
修改,5
透露,5
特别,5
-.,5
全款,5
项目经理,5
小花,5
电费,5
501,5
区政府,5
赛,5
泰隆,5
开原市,5
较大,5
十几,5
取回,5
15600,5
幸福,5
作,5
凤凰,5
第七,5
系假,5
13500,5
建了,5
富,5
码是,5
郑州市,5
贵,5
13600,5
被款,5
其他同学,5
闲聊,5
网课,5
LV,5
取财,5
截屏,5
沙子,5
李凯,5
宜兴市,5
猜猜,5
哈尔滨,5
93600,5
大件,5
放学,5
杨小倩,5
些,5
先期,5
骑车,5
蒙商,5
审,5
发件,5
发短信,5
感到,5
五十,5
称向,5
半小,5
酒水,5
一期,5
维修,5
高铁,5
金花,5
转让,5
阿卡,5
299.4,5
栏,5
承德,5
坤,5
锘,5
惜,5
代替,5
信群,5
白雪,5
乡,5
模板,5
网商,5
欲,5
张家口,5
因微,5
沈,5
机会,5
转为,5
上级,5
补办,5
折合,5
救援,5
脚,5
将拉进,5
京华,5
网点,5
万里,5
检查,5
单发,5
22800,5
66,5
发个,5
跟进,5
info,5
官方,5
节能,5
35200,5
警号,5
49500,5
外出,5
店铺,5
至当,5
文峰,5
推销员,5
追回,5
相互,5
易,5
199.99,5
先前,5
299,5
仓库,5
广场,5
落实,5
配君,5
赔付,5
曾用名,5
追加,5
党,5
海城市,5
代刷,5
中消,5
张张,5
徐一飏,5
符合,5
随有,5
生物,5
苑,5
体现,5
但称,5
海宁市,5
86400,5
签字,5
决定,5
称至,5
有延,5
音名,5
新建,5
堂弟,5
税务局,5
半左右,5
贴,5
版,5
便用,5
他本,5
天道酬勤,5
高校,5
巨广,5
82,5
六个,5
因有,5
监管,5
头部,5
高层,5
点事,5
摔了一跤,5
群为,5
下面,5
厂,5
木业,5
48700,5
开发,5
中建,5
特定,5
高新区,5
福建省,5
微信加,5
几门,5
。报称,5
国庆,5
并用,5
付账,5
云闪,5
讲课,5
5659,5
华润,5
33480,5
邢台,5
15889,5
深信不疑,5
湖南省,5
5299,5
缴税,5
54000,5
收不到,5
22900,5
仔细,5
给付,5
两卡,5
隐私,5
不便,5
所用,5
单独,5
宁夏,5
符号,5
有以,5
赤峰市,5
一微博,5
水,5
邓,5
然有,5
其卡上,5
校园,5
用到,5
积,5
房,5
以其,5
挂掉,5
7891,5
遭到,5
蚌埠市,5
现其,5
古艳香,5
65,5
醒来,5
进度,5
89000,5
常,5
）左右,5
港,5
大姑,5
瞩目,5
货运,5
金条,5
盒饭,5
随用,5
一村,5
对称,5
局布,5
比较忙,5
30000.00,5
2700,5
随缘,5
代表,5
齐家,5
78000,5
63,5
57000,5
桥,5
闵行区,5
随再,5
摔伤,5
撞伤,5
服饰,5
外孙女,5
订好,5
提升,5
水泵,5
陌陌,5
银行账,5
48900,5
于晓明,5
需借,5
二姨,5
铁床,5
取向,5
买不到,5
记不清,5
仅能,5
富士康,5
即将,5
保定,5
科技园,5
然要,5
男友,5
救治,5
阳,5
动态,5
运营商,5
房间内,5
出差,5
男号,5
招生,5
赚取,5
然就用,5
昌平区,5
作案工具,5
浙商,5
做花,5
勤务,5
80,5
70,5
index,5
发送信息,5
饼,5
笔用,5
在场,5
会套,5
脑出血,5
带到,5
已付,5
比较慢,5
惹事,5
旧梦重温,5
五,5
更改,5
张咪,5
打要,5
看着,5
。老,5
梁,5
厂子,5
门,5
其借,5
户号,5
昆山市,5
104,5
最佳,5
违法犯罪,5
沿海,5
侦办,5
称其为,5
侄孙,5
资产,4
完毕,4
太原,4
电动车,4
无果,4
有称,4
一件,4
压,4
孙杨,4
来看,4
地产,4
不太,4
壹洛,4
熟以,4
金恪,4
倒闭,4
广州市,4
信息内容,4
何进,4
谈成,4
62400,4
海,4
第一张,4
24600,4
防诈,4
48400,4
问下,4
长安,4
南路,4
投诉,4
快乐,4
故向,4
多个,4
半,4
数目,4
橙,4
教务,4
城北,4
49700,4
索取,4
称其要,4
霍,4
教学设备,4
扣费,4
话单,4
随该,4
26500,4
28700,4
第二张,4
共同,4
我拉进,4
百货,4
帮付,4
资格证,4
回执,4
抢到,4
工程师,4
荣耀,4
之该,4
战队,4
停机,4
博士,4
调取,4
奇怪,4
教易,4
。20,4
王万香发,4
被扣,4
PS,4
市场,4
经析,4
索,4
曾经,4
开是,4
上报,4
大姐,4
16300,4
法院,4
前程无忧,4
第九,4
民族,4
35800,4
理睬,4
德恒,4
半个,4
沃,4
延长,4
邦,4
拍照,4
19850,4
52000,4
吕,4
忘,4
高明,4
针对,4
风,4
多空,4
清,4
候到,4
猪,4
睡醒,4
工业园区,4
通州区,4
已转,4
每科,4
新品,4
27500,4
金服,4
9990,4
签,4
一微,4
滇,4
健康,4
章,4
遂即,4
创新,4
反馈,4
财务主管,4
先打,4
罗,4
客户端,4
转警,4
少,4
现代,4
安检,4
爸,4
自助,4
线下,4
学慧网,4
来加,4
69400,4
下向,4
仪器,4
依据,4
支付款,4
就医,4
仍然,4
代练,4
4990,4
劝,4
配件,4
石家庄市,4
职员,4
柳,4
商场,4
里边,4
变动,4
像是,4
19.8,4
问是,4
综合,4
起初,4
果,4
网银转,4
财务部,4
完款,4
笔为,4
床架,4
55800,4
报损,4
引诱,4
其能,4
口气,4
专属,4
两种,4
提,4
朱艳,4
完全,4
主责,4
甜心,4
务工,4
吉姆,4
立案,4
提高,4
190,4
高速,4
犯事,4
康,4
南方航空公司,4
雷,4
看不见,4
县公安局,4
财付,4
张杨,4
然微信,4
学网,4
前女友,4
两期,4
列车,4
给家,4
禤,4
y,4
上刷,4
699,4
社会,4
中未,4
曾,4
54200,4
新手机,4
胡银杰,4
六笔,4
米糠,4
刘姐,4
指,4
知受,4
卡为,4
好期,4
车,4
梅小平,4
群是,4
附带,4
每份,4
机票价格,4
陕西省,4
条,4
潭州,4
施小红,4
保定市,4
定位,4
图案,4
问微信,4
聚餐,4
漂亮,4
想先,4
加到,4
济源市,4
韦,4
挂失,4
曲周县,4
借来,4
美好,4
代理费,4
多万,4
37800,4
报关,4
材料费,4
co,4
全程无,4
VPN,4
其共,4
群组,4
短息,4
腿部,4
从来,4
姑父,4
招标,4
经其,4
博里,4
67,4
课费,4
西博,4
安泰,4
沙河,4
先向,4
504,4
20000-,4
）【,4
天空,4
坐飞机,4
玩法,4
向阳,4
刑警队,4
屯,4
160,4
华为,4
签署,4
监事,4
】至,4
子以,4
傍晚,4
内别,4
24500,4
起陆,4
打印,4
兔子,4
北三环,4
申港,4
一趟,4
主犯,4
两万块,4
湖州,4
食堂,4
金属,4
其付,4
77000,4
售完,4
事先,4
交通事故,4
由诈,4
耍,4
换成,4
上址,4
祝,4
输,4
601,4
郑,4
凡,4
依然,4
五钟,4
河间市,4
丰和,4
组建,4
6400,4
需先,4
49988,4
牛肉,4
件,4
对此,4
报送,4
特点,4
微信诈,4
称到,4
扶贫,4
群发,4
开办,4
海螺,4
参与,4
急诊,4
2202,4
逃,4
69800,4
封电子邮件,4
子用,4
长银,4
稍会,4
59800,4
舅妈,4
农信社,4
连锁,4
房子,4
完整,4
投入,4
。内容,4
接口,4
响,4
65000,4
92000,4
63500,4
邢项,4
财产,4
成绩单,4
候才,4
八万,4
巴城,4
接来,4
垌,4
23863,4
漫播,4
崔至,4
登,4
赵蜜,4
不话,4
机械,4
海洋,4
特约,4
矿泉水,4
亲,4
来信,4
档次,4
__,4
暴雷,4
应,4
集装箱,4
交行,4
帖子,4
哪润润润,4
未知,4
上海交通大学,4
一万八千,4
副,4
18500,4
光电,4
在于,4
被-,4
碰到,4
美的,4
转发,4
11500,4
17800,4
其大,4
中华,4
此前,4
社保卡,4
借贷,4
登入,4
第三,4
前台,4
陈兵,4
并加,4
一种,4
员称,4
2020,4
湖,4
私微信,4
称网,4
信拉黑,4
按着,4
洽谈,4
仿冒,4
7400,4
远房,4
何总,4
姐,4
J,4
异地,4
其刷,4
刑警大队,4
高新,4
杨小军,4
韩秀芬,4
字,4
昇,4
公司员工,4
结算,4
垫资,4
儿媳妇,4
故到,4
简况,4
中昊,4
六点,4
解绑,4
岳母,4
营业执照,4
才行,4
287,4
14800,4
查完,4
802,4
模拟,4
超级,4
析,4
新城,4
结识,4
儿,4
马震,4
有要,4
国民,4
讨论组,4
太晚,4
理正,4
肯定,4
101,4
租赁,4
打仗,4
因是,4
使,4
号线,4
。民警,4
何果果,4
治安,4
复读机,4
204,4
予以,4
就行了,4
星期,4
岳,4
接向,4
单雯嘟,4
微博用,4
大兴区,4
偿还,4
长宁,4
员以,4
其系,4
达思,4
山,4
物运,4
一万多,4
凑够,4
卡主为,4
以到,4
64000,4
恢复,4
客,4
医疗,4
正面,4
信上,4
１,4
甘肃省,4
需让,4
手机软件,4
前期,4
新疆,4
表明,4
厨具,4
18900,4
团,4
丽超,4
81620,4
汇至,4
点错,4
10630,4
33800,4
住院治疗,4
通信,4
太大,4
龙芯,4
阿蕊,4
谷腾,4
顺便,4
之问,4
驾照,4
学业,4
七十,4
走账,4
录音,4
和平,4
其前,4
家园,4
首创,4
教其,4
手头紧,4
好处,4
帮别,4
10%,4
前进,4
8040,4
举办,4
农民,4
常州市,4
想用,4
天天向上,4
短信息,4
404,4
有发,4
卡可,4
读,4
丢,4
升,4
穿,4
过生,4
17970,4
市民,4
状况,4
天天,4
喝多,4
枫桥,4
关机,4
嗲,4
邓梦婷,4
发起,4
58500,4
工作室,4
折款,4
讨要,4
因网,4
家居,4
音,4
南淞路,4
将来,4
密,4
礼品盒,4
雨,4
8200,4
赢,4
报备,4
包包,4
598.5,4
列表,4
遇到困难,4
巴彦,4
上海市公安局,4
跳转,4
荣盛,4
并于,4
徽商,4
医护,4
周美琪,4
本来,4
口吻,4
扬州,4
张卡,4
饺子,4
业,4
南昌,4
经营部,4
新能源,4
跟别,4
大致,4
遭受,4
因当,4
扣留,4
餐,4
一个个,4
科研,4
跨境,4
煤电,4
中等,4
QQ2,4
民医院,4
铁,4
消防器材,4
总裁,4
形成,4
这么回事,4
来京,4
企业邮箱,4
该条,4
白天,4
他会,4
限流,4
国泰,4
温小梅,4
金华,4
短,4
异,4
万尾,4
流入,4
伪装成,4
@-,4
板材,4
没票,4
下划线,4
好像,4
唐,4
喜欢,4
包被,4
立项,4
蹊跷,4
六小,4
错,4
好好,4
孙姓,4
容易,4
物理,4
返点,4
私户,3
财,3
2999,3
5599,3
9.87,3
音号,3
28500,3
刷单,3
吴淞江,3
宝山,3
个体经营,3
推到,3
交尾,3
看抖音,3
诱向,3
台电箱,3
梨园,3
47500,3
应用,3
我拉到,3
我要,3
盖,3
工程技术,3
栩梓力,3
教务主任,3
小米,3
。09,3
确系,3
本微信,3
我称,3
进展,3
回收,3
高度,3
二期,3
上要,3
15540,3
902,3
斯特,3
涉网,3
用作,3
运作,3
然去,3
撤回,3
探望,3
0023,3
安好,3
淮安市,3
w,3
高童,3
兰溪市,3
73600,3
一案,3
水产,3
老同事,3
资本,3
汉,3
嘉程,3
能源,3
抵押,3
送货,3
复印,3
快点,3
烟,3
洗,3
接单,3
当其,3
新加,3
无此,3
边境,3
自动化,3
内一,3
警官,3
拟受,3
本称,3
届,3
佣金,3
不肯,3
鞍山市,3
升仓,3
四村,3
Mr,3
起床,3
其至,3
79600,3
商务中心,3
报出,3
珠海,3
。经查,3
村民,3
追回来,3
动物,3
小狗,3
制药,3
凑凑,3
1980,3
午休,3
帮帮,3
毛路,3
松园,3
退票,3
四点,3
信仰,3
X,3
加为,3
啾,3
李小芬,3
58300,3
转交,3
微号,3
自由职业,3
先生,3
竞标,3
牛,3
太阳,3
被别,3
当即,3
大三,3
宿迁,3
买过,3
金鹰,3
一声,3
21860,3
华奥,3
10800,3
救命,3
23700,3
唐山,3
干儿子,3
七台河市,3
4805,3
问有,3
落,3
原路,3
嘉兴,3
63000,3
溪,3
5980,3
摔,3
汤,3
周市,3
公交车,3
退赔,3
没回,3
医学院,3
一枚,3
端口,3
浙江大学,3
李超,3
手机店,3
5995,3
灵,3
系子,3
祝亚勤,3
逮捕,3
出租屋,3
理工大学,3
侵犯,3
13.8,3
有偿,3
标注,3
铺床,3
…,3
S,3
争取,3
学慧,3
"】,",3
188,3
校区,3
控股,3
向子,3
5100,3
四季,3
突发,3
所得税,3
311,3
发送至,3
耳朵,3
祥瑞,3
社保,3
汇出,3
亮,3
惠山区,3
255,3
长期,3
79800,3
25680,3
联通公司,3
一抖音,3
咕噜咕噜,3
教材费,3
ya,3
信里,3
丁哥,3
明明,3
中是,3
孙艳,3
耐心,3
99800,3
伤,3
话费,3
侄媳妇,3
沈阳,3
期再,3
1860,3
石牌,3
举行,3
微博内,3
讯,3
江海,3
近,3
未付,3
寻梦,3
实验,3
察觉到,3
作品,3
小文,3
法库县,3
陆,3
小汤山,3
不及,3
录像,3
江北,3
理处,3
。“,3
内称,3
直聘,3
用款,3
15400,3
主要,3
免费,3
好几个,3
好心,3
不符,3
语文,3
问高娟,3
其爱,3
沟,3
205,3
封禁,3
保持,3
否,3
病毒,3
流至,3
本科学历,3
108,3
168,3
笔给,3
供应链,3
借出去,3
想以,3
伟在,3
思念,3
提额,3
称下,3
火车,3
监狱,3
宏晟,3
证明文件,3
易小,3
初,3
沪,3
再用,3
手法,3
真假,3
呈,3
城西,3
502,3
刷个,3
4100,3
夏,3
G,3
因受,3
治疗费,3
邀约,3
可乐,3
秘密,3
幼儿园,3
引起,3
村里,3
外国语,3
给予,3
电,3
座,3
保释,3
预计,3
晶台,3
公章,3
大儿子,3
没用,3
大河,3
子孙,3
六道,3
29300,3
12709,3
一遍,3
其他软件,3
车贷,3
钢管,3
昌平,3
海能,3
挣,3
李汝芝,3
la,3
昂,3
2118,3
解解,3
秋葵,3
星,3
谢方,3
收购,3
放假,3
相当于,3
青岛,3
重复,3
招生简章,3
泗阳县,3
接其,3
姓李,3
醒悟,3
一同,3
详址,3
方可,3
名是,3
高三,3
14700,3
QQ1,3
一万五千,3
浦东,3
G6718,3
11700,3
几句话,3
选,3
提票,3
诈中,3
共诈,3
不吃,3
我报,3
鸽子,3
注明,3
一步,3
流量,3
35500,3
哭,3
山镇,3
数字,3
告,3
科学,3
兵希,3
受到限制,3
搭理,3
甜,3
一句,3
盛京,3
需用,3
经对,3
兴,3
通话记录,3
签订合同,3
常熟市,3
停止,3
现想,3
戒心,3
拒接,3
补给,3
十里堡,3
蔡所,3
退群,3
之群,3
22300,3
贝壳,3
刘凯,3
取证,3
4400,3
然群,3
全,3
海浪,3
笔向,3
玩抖音,3
小强,3
7100,3
冰川,3
皇廷,3
。21,3
高一,3
保证,3
恒,3
华新,3
城建,3
）接,3
顺利,3
需向,3
帮下,3
荷包,3
园林,3
然到,3
东,3
主,3
代少,3
椰子,3
36500,3
发至,3
43800,3
1102,3
遥控,3
8300,3
反复,3
其买,3
夜间,3
意见,3
z,3
计划,3
内以,3
阳性,3
酒驾,3
拿货,3
29200,3
暂未,3
21800,3
误删,3
太仓,3
珠宝,3
8833,3
鱼,3
中毒,3
交为,3
包为,3
转告,3
其升舱,3
顺义区,3
从事,3
笔转,3
业务经理,3
现实生活,3
其诈,3
西城,3
7900,3
久,3
财经,3
流转,3
21600,3
93,3
需帮,3
公交,3
伟业,3
合肥,3
锡华,3
单位名称,3
米,3
57200,3
居委会,3
包工头,3
面谈,3
帮着,3
川沙,3
文档,3
补充,3
香港,3
郑科,3
我查,3
接至,3
驾驶,3
北区,3
郑某,3
其钉,3
交警,3
天下,3
包头,3
朴东,3
加该,3
乱世,3
金帝,3
小学老师,3
。2022,3
一在,3
九点,3
一眼,3
求生,3
心想,3
张大,3
看快,3
全都,3
管其,3
照明,3
灯具,3
城南,3
老同学,3
展示,3
51600,3
利润,3
资深教师,3
复印件,3
太平,3
正确,3
金牛,3
得胜,3
竹,3
小兵,3
阿姨,3
坐牢,3
商店,3
品牌,3
及现,3
镇长,3
到家,3
白,3
2200,3
传感,3
鞋子,3
点到,3
房产,3
同班同学,3
外币,3
包给,3
未登记,3
卸货,3
嘴,3
忽然,3
视讯,3
铁东,3
启动,3
电商,3
54500,3
价,3
临平区,3
:-,3
案,3
红十字会,3
不回,3
行驶,3
瞿,3
跳出,3
便利店,3
酱,3
永康,3
担任,3
逾期,3
超过,3
知晓,3
歪歪,3
打进去,3
（-,3
盛博汇,3
未曾,3
达世乐,3
滨湖,3
99000,3
38850,3
880,3
32600,3
宇哥,3
。处警,3
吴中区,3
舍友,3
奥体,3
以此,3
团结,3
联络,3
27880,3
很久没,3
38800,3
因要,3
图像,3
小姑子,3
61500,3
黑猫,3
责任,3
往回,3
2900,3
柏言,3
陆陆续续,3
郭秀梅,3
称呼,3
64800,3
虹口区,3
299.99,3
内信,3
太慢,3
然由,3
泡水,3
96110,3
4999.99,3
微博站,3
准确,3
指数,3
望京,3
杨尚烨,3
中以,3
嘘寒问暖,3
移送,3
15500,3
航班号,3
机器,3
收回,3
转机,3
大陆,3
他付,3
1940,3
95149,3
问候,3
上该,3
广电,3
家用,3
4624.12,3
硬化,3
没来,3
36600,3
大同市,3
34680,3
游,3
21100,3
环保,3
王丽杰,3
没话,3
丈母娘,3
42728,3
延豪,3
向个,3
筴,3
专业课,3
退课,3
2022.11,3
条件,3
转其,3
本次,3
锯,3
群内称,3
精锐,3
合辰,3
官网,3
钟内,3
99200,3
"）,",3
上边,3
角色,3
转运,3
6850,3
点半,3
一生,3
现有,3
很少,3
肉制品,3
听不出来,3
137,3
长辈,3
庄河市,3
海关,3
掰,3
见过,3
圆圆,3
生产,3
2001,3
粥,3
燕雄,3
具体情况,3
606,3
59000,3
方志,3
并不知道,3
变,3
五次,3
受即,3
要私,3
隐藏,3
中小学,3
误操作,3
虹桥,3
74400,3
42000,3
没买,3
吖,3
猜,3
弥补,3
604,3
无该,3
88800,3
整个,3
刘闯,3
58860,3
技术学校,3
回过,3
702,3
进水,3
汽车配件,3
群有,3
薛,3
77200,3
唐帅,3
21700,3
9980,3
买家,3
停用,3
助手,3
微博叫,3
式,3
鼎尚,3
劝架,3
丽柏,3
手臂,3
到子,3
专科,3
1302,3
市局,3
42650,3
76,3
理财产品,3
一个名,3
其往,3
97000,3
：至,3
完之,3
标准,3
中间商,3
其进,3
汪,3
瘫痪,3
9875,3
朝阳,3
网校,3
同名,3
快速,3
来不及,3
锦象,3
皇家,3
强调,3
袁梅,3
login,3
曙光,3
扣押,3
声,3
看其,3
下载方式,3
声明,3
头称,3
40%,3
餐费,3
秀,3
换个,3
美图秀,3
便宜,3
侄儿,3
报账,3
60%,3
承认,3
51200,3
六合,3
这批,3
正泰永,3
微播,3
校务,3
公帐,3
没事,3
律师费,3
商都县,3
真伪,3
个体户,3
频道,3
舱费,3
南宁市,3
公会,3
离开,3
L,3
徐凯,3
吴兴,3
卫健委,3
优格尔,3
陪伴,3
不敢,3
长大,3
抬头,3
163,3
梦想,3
误认,3
买下,3
函,3
蔬菜,3
李华,3
防范,3
稽查,3
亲情,3
称以,3
85,3
奉贤,3
2.6,3
德州,3
中学老师,3
中发,3
贡,3
系在,3
柘林,3
用餐,3
生物科技,3
不报,3
好好学习,3
移出,3
北京师范大学,3
出发,3
做好,3
智慧,3
4998,3
园,3
吾,3
南苑,3
隆梅,3
３,3
美联,3
现向,3
连长,3
凌博,3
开字,3
视界,3
1002,3
损坏,3
洗衣服,3
2980,3
其会,3
43500,3
搜,3
智投,3
288,3
亲友-,3
系诈案,3
太明,3
10012,3
恒锋通,3
统统,3
刘哥,3
咯,3
47200,3
柜,3
只付,3
面向,3
病重,3
能力,3
饼干,3
高价,3
大学生,3
桂花,3
李强,3
记住,3
8765,3
重伤,3
关,3
杨小洪,3
中科,3
交谈,3
收货,3
懒,3
其好,3
表示同意,3
甲方,3
福,3
刑警,3
乌鲁木齐,3
博大,3
烤,3
双减,3
103,3
表格,3
师范大学,3
苗木,3
精准,3
34800,3
务农,3
书,3
初心,3
姨夫,3
正峰,3
收款单,3
办成,3
躺,3
其话,3
共和国,3
89600,3
开源,3
事其,3
星巴克,3
拿出,3
张玮,3
沪籍,3
无卡,3
韩家,3
三天,3
大学专科,3
王立,3
东升,3
黄语,3
怂,3
45300,3
修,3
银河,3
每瓶,3
龙,3
四门,3
小林,3
c,3
二个,3
41250,3
听过,3
。13,3
厂里,3
女称,3
常住,3
黑龙江,3
金华市,3
夏初,3
优勇,3
转变,3
南通市,3
乙,3
所长,3
点去,3
蒲思顿,3
精密机械,3
弹窗,3
诸立波,3
。接来,3
54900,3
数码,3
东区,3
工友,3
P2P,3
留存,3
通讯录,3
主叫,3
瑞信,3
牧业,3
微博及,3
306,3
骅建,3
欧志荣,3
晚餐,3
戈必,3
入住,3
其实,3
业主,3
腿,3
字据,3
场所,3
小牛,3
两天,3
长江,3
柳州,3
被困,3
南海,3
江宁区,3
莫,3
吕俊强,3
讯辉,3
熟借,3
32433,3
大出血,3
灬,3
跑,3
阿沙,3
薛经理,3
货单,3
转移,3
姚,3
其弟,3
7081,3
宝贝,3
零售,3
风雨同舟,3
出借,3
改名,3
马付,3
松,3
退补,3
75200,3
猫,3
蓝海,3
账会,3
大连湾,3
通知单,3
快贷,3
莲池,3
古举,3
惠康,3
宝隆,3
纸业,3
租住,3
40526,3
社,3
厦门航空,3
下方,3
红心,3
乱,3
拜托,3
存到,3
21973,3
3518,3
武警,3
付完,3
投影仪,3
石材,3
其店,3
化妆品,3
出门,3
鑫瑞通,3
厚德载物,3
两点,3
闲,3
处理结果,3
19680,3
味,3
大白兔,3
徐总,3
23100,3
叫加,3
二十万,3
鲍鱼,3
单任务,3
掏,3
信为,3
白梦妍,3
庆华,3
仙女下凡,3
那借,3
黄友,3
鸭,3
一路,3
输完,3
称急,3
78,3
向前,3
问个,3
21680,3
张卡上,3
上交,3
开机,3
红星,3
魏,3
加重,3
伤口,3
杨浦区,3
所内,3
不错,3
再兴,3
侄孙女,3
厦门,3
10400,3
小小,3
三万多,3
76800,3
70800,3
_-,3
茶,3
完让,3
干部,3
65800,3
22600,3
64,3
81000,3
肖小东,3
穆棱市,3
拆迁办,3
1.9,3
that,3
为本,3
监控,3
桩,3
溧水,3
乌克兰,3
380,3
6895,3
48500,3
亦,3
承担,3
村田圩庄,3
圈,3
尊,3
保密,3
还会,3
禾,3
海南经济特区,3
辽宁,3
三家,3
480,3
19877,3
一手,3
齐商,3
那位,3
该于,3
3.6,3
布尔,3
a,3
24348,3
候给,3
江滨,3
10850,3
别于,3
5850,3
逛街,3
听见,3
建平,3
永昌,3
北京华,3
兴隆,3
堂姐,3
图标,3
补上,3
啵,3
苏本威,3
1700,3
汕头市,3
封号,3
摄像头,3
反电诈,3
王者,3
布,3
meid,3
绥,3
鉴慈,3
23500,3
盘锦市,3
盘龙城,3
42500,3
0551,3
机修厂,3
问别,3
付款单,3
大夫,3
采取,3
子称,3
国航,3
摔坏,3
未来,3
博文,3
帮考,3
高压,3
致电,3
翻看,3
水枪,3
转个,3
1003,3
5.31,3
柳柳,3
有无,3
m,3
西山,3
原先,3
数量,3
数,2
面子,2
1501,2
别学,2
放弃,2
我能,2
超额,2
杨自新,2
胡小兰,2
44860,2
缺为,2
聊着,2
碍于,2
窦,2
因病,2
牌子,2
87000,2
53620,2
站代刷,2
无意,2
中将,2
83380,2
吨,2
表现,2
H,2
中大,2
济宁,2
2056,2
精芯,2
发完,2
银谷,2
704,2
做客,2
园区,2
了左右,2
账户卡,2
北京路,2
胜越,2
2999.82,2
周文,2
成为,2
木马,2
总值,2
移动式,2
交百之,2
水炮,2
45800,2
直销,2
兽药,2
49727,2
协,2
介绍费,2
营口市,2
揇,2
别发,2
高二,2
好久,2
泾,2
可爱,2
塘桥,2
咩,2
伤势,2
句,2
当前,2
播会,2
十三位,2
现该,2
实在,2
民航,2
666,2
马庆林,2
低于,2
回拨,2
新卡,2
经销,2
翚,2
梅姐,2
鑫阳,2
猜测,2
其过,2
65490,2
到来,2
启航,2
车行,2
请来,2
8390,2
发布公告,2
有点像,2
下楼梯,2
隆益利,2
协调,2
22178,2
算,2
汪帅,2
加个,2
来安,2
YXC,2
吉林市,2
母婴,2
41715,2
3.96,2
钟和娇,2
中共,2
3720,2
项目管理,2
山屿,2
34500,2
微笑,2
网银上,2
银从,2
小胖,2
58600,2
9298.00,2
7239,2
种植,2
96500,2
28557,2
Boria,2
三姐,2
王进,2
王磊,2
机票信息,2
主席,2
华安,2
随遇而安,2
盗走,2
威文,2
平板,2
博得,2
爱情,2
惊觉,2
铃铛,2
改变,2
似锦,2
吴国,2
黄秋铭,2
任双印,2
福建,2
微信取,2
经与本,2
反,2
冀利,2
其闺蜜,2
张云,2
肥肉,2
90cm,2
boj,2
69996.51,2
42190,2
唐科春,2
枕头,2
2915,2
学会,2
公民,2
铝业,2
模式,2
秋水,2
6215,2
德,2
无畏,2
花城,2
微薄,2
家村,2
课为,2
羽安,2
Moon,2
温柔,2
进账,2
29580,2
借记卡,2
洪,2
船,2
寻之阳,2
96240,2
占,2
462,2
肖,2
雲,2
预售,2
批货,2
15700,2
万店,2
云网,2
陈姓,2
业务费,2
91,2
殷嘉雄,2
抽烟,2
欺,2
五里河,2
转卡上,2
来得及,2
一称,2
樱桃,2
好事,2
利网,2
笱,2
研一,2
绿盛,2
侦查员,2
13998,2
40451,2
黄铃,2
愽,2
煤矿,2
表姑,2
Jorn,2
88888,2
49400,2
求其,2
云归,2
草原,2
未注册,2
金星,2
碰见,2
匿名,2
小九云,2
适家,2
关心,2
镇葛大店,2
结清,2
读取,2
控制,2
淝河,2
账要,2
"。""",2
鑫华,2
然群里,2
防控,2
青阳县,2
只转,2
评论,2
相差,2
小笼包,2
系其于,2
其现,2
药业,2
佳佳,2
闻奇,2
抢占,2
熊宝祥,2
刚订,2
华东理工大学,2
95383,2
指导老师,2
手表,2
国信,2
其代,2
卓越,2
英镑,2
嵩山,2
该王,2
郭燕妹,2
管道,2
张然,2
学春,2
问睡,2
逐一,2
ZnNdM,2
40.5,2
已售,2
。接向,2
Y,2
现因,2
商讨,2
车得,2
成龙,2
陈鸿喜,2
进出口,2
14714.50,2
12852,2
JD,2
杜肖,2
失,2
41080,2
廖益,2
洮南市,2
珠海市,2
龙科技,2
默孚,2
张智超,2
专营,2
小微,2
86800,2
南浔,2
超爱阳心,2
荣慧,2
9.6,2
486,2
华博特,2
而称,2
4740,2
异国,2
侯,2
舱为,2
邵镇,2
教材,2
随因,2
20880,2
体貌特征,2
河,2
388,2
速度慢,2
保留,2
其存,2
5006.37,2
购物款,2
佳,2
57532,2
其所,2
暮,2
涂克伟,2
38690,2
ZOOM,2
相仿,2
孙总,2
P,2
海洲,2
zoom,2
疾控中心,2
刘先,2
草莓,2
富民,2
便发,2
种类,2
不良资产,2
一老,2
罪,2
吴某,2
观看,2
好友，,2
h5,2
lv,2
村委会,2
8910,2
码为,2
一万四千,2
驾驶员,2
中业,2
我拉入,2
殷,2
。1,2
真红,2
6765.05,2
霖宝,2
28957,2
23846,2
56910,2
拉架,2
打榜,2
姓张,2
庄园,2
调解,2
参加考试,2
违规操作,2
已安,2
他加,2
感谢,2
寝室,2
交大,2
其筹,2
抓捕,2
开放,2
三万五千,2
山水,2
三单,2
13993,2
8400,2
批次,2
92500,2
万彩平,2
风波,2
翠玲,2
；（,2
偏海英,2
水围,2
潮模,2
持续,2
当下,2
湖镇,2
陈瑶,2
招聘网,2
陈瑶湖,2
穷通,2
N,2
西溪,2
十六,2
男发,2
禁用,2
街区,2
万禹,2
3997,2
KK,2
训费,2
38668,2
7.8,2
去付,2
5238,2
上海籍,2
误,2
xmm,2
21240,2
总称,2
52600,2
胡子,2
恰恰,2
瓜子,2
慌,2
雅迪,2
号院,2
口角,2
家电,2
主办,2
玻璃,2
磷酸,2
金湾,2
海飞,2
7699,2
94200,2
自然村,2
21505,2
。经,2
稳定,2
债券,2
补单,2
跟随,2
跟家,2
27692,2
yang,2
被经,2
买酒,2
诈故,2
出租,2
39996.36,2
穆棱,2
801,2
6750,2
罗基,2
4499,2
23280,2
信荣,2
82000,2
地素,2
丹巴,2
达拉,2
队长,2
声纹,2
390,2
玩快,2
吕岩岩,2
刘成尧,2
茂丰,2
龙鑫,2
文华,2
自行车,2
骑,2
恒润,2
5999.98,2
谷,2
图娅,2
孟根,2
我姨姨,2
徐志航,2
姨,2
我姨,2
结伙,2
大塘,2
冲正,2
9876,2
小鱼,2
指南,2
三百,2
低端,2
坚持,2
博是,2
其起,2
迪赢,2
谱,2
途经,2
随到,2
李海发,2
其花,2
杯子,2
手提电脑,2
现微信,2
连定,2
3750,2
黑石,2
41533,2
手机用户,2
2022.9,2
乡政府,2
宝宝,2
1215,2
大大小小,2
归还给,2
压根,2
过度,2
没电,2
红葡萄酒,2
玛干,2
盛德,2
劳务费,2
绿色,2
地省,2
武汉市,2
缺口,2
保释金,2
孙青,2
烧烤店,2
电脑室,2
英语课,2
万左右,2
7659,2
鲁楼,2
2760,2
随王,2
案场,2
电子设备,2
往卡上,2
大瑞通,2
BOSS,2
直,2
3749.75,2
合作项目,2
翟,2
六万,2
命运,2
安静,2
农家,2
汇森,2
Loser,2
董先生,2
小山,2
可用资金,2
海兴县,2
建筑材料,2
梁老柒,2
师傅,2
干,2
这项,2
3999,2
东风,2
交代,2
公关,2
六合区,2
赵万强,2
7788,2
心软,2
前两天,2
探索,2
翟建峰,2
徐少华,2
没有防备,2
热电厂,2
卡于,2
刘高,2
傅立,2
然沈先玲,2
一单,2
徐家汇,2
程磊,2
cspc,2
泸州,2
周围,2
店员,2
王英,2
这款,2
该款,2
黑比诺,2
柯兰,2
五儿,2
责任区,2
41500,2
申诉,2
秦,2
优品,2
寄卖,2
阿伟,2
自立,2
移,2
车牌号,2
为豫,2
行车证,2
生猪,2
辆,2
售票处,2
真融宝,2
50132,2
蒙古族,2
私号,2
五点,2
熊小珍,2
洪力,2
28680,2
上汽,2
肇庆市,2
通用,2
30100,2
之想,2
万鑫同,2
天华,2
韦力洋,2
暖风,2
我姐,2
罗恒兵,2
贺红杰,2
期刊,2
玩电脑,2
打管,2
图书,2
广渠门,2
杂志社,2
晓林,2
建社,2
当代,2
娟,2
努力学习,2
征求,2
盖章,2
24688,2
学号,2
为准,2
开发票,2
广播,2
交通警察,2
姓朱,2
谷峰,2
4825,2
通科技,2
泡,2
部门经理,2
7.5,2
游戏币,2
白虎,2
夏宏飞,2
62535,2
王怀栋,2
贾金荣,2
变化,2
国荣,2
永磁,2
中以积,2
Kris,2
这部,2
数值,2
中买,2
互联网,2
30796,2
信名,2
于是-,2
更难,2
早睡早起,2
加强,2
加群,2
入账,2
仁心,2
白马,2
莘庄,2
鳌,2
没交,2
鳌江,2
卡哇游,2
向别,2
创佳,2
因本,2
一头,2
二路,2
蒋总,2
37655,2
签合同,2
得治,2
手贱,2
无款,2
城关镇,2
另一名,2
146,2
金属材料,2
中刷,2
充电,2
vpn,2
谎言,2
汇去,2
杨子山,2
句容市,2
峰,2
大展宏图,2
5008,2
徐州,2
马小添,2
向罗昌,2
中华路,2
远程,2
物,2
136,2
群加,2
刑事责任,2
x,2
甜品,2
杨杭,2
到头,2
然杨玉君,2
王朋彦,2
HLGK,2
长安区,2
是琦哥,2
26560,2
轨道交通,2
底要,2
宋杨,2
118,2
丰乐,2
14975,2
三队,2
。--,2
借诈,2
大部,2
全科,2
反而,2
芜湖市,2
西班牙,2
28332,2
戴威,2
看守所,2
在国,2
老友,2
其期,2
中该,2
1202,2
柴村,2
82700,2
芮城,2
锦绣,2
小姐,2
79,2
289.3,2
驰海,2
禹州市,2
群内员,2
19863,2
0817,2
；，,2
2905,2
泡泡,2
将军,2
警务,2
酒精,2
有能,2
东兴,2
2903,2
先替,2
30800,2
200QQ,2
买烟,2
然拉,2
表姐夫,2
皮具,2
57600,2
33.8,2
校,2
辉腾,2
28.8,2
6150,2
先发,2
谈起,2
进口,2
70600,2
43200,2
马鞍山,2
24300,2
带有,2
态度,2
心里,2
华城,2
余翀,2
损伤,2
加进,2
德清,2
9830,2
网络故障,2
金帮,2
登微博,2
东亭,2
放出去,2
小音,2
遭,2
港澳,2
戚墅堰,2
国鸿,2
철,2
유,2
최,2
Kakao,2
大孤山,2
Qq,2
从犯,2
刷到,2
自强,2
通行证,2
腮红,2
咖,2
打哈欠,2
改,2
遣返,2
ROLF,2
浦路,2
21599,2
艾安谱,2
停车,2
理赔金,2
24330,2
其今,2
协议,2
传给,2
候去,2
十一,2
206,2
探探,2
讲价,2
看不清,2
65680,2
好价,2
超载,2
货源,2
改造,2
滕州市,2
闹,2
小子,2
汇通,2
标,2
颜童,2
艾琳,2
低利率,2
先买,2
0156,2
91898,2
中旬,2
风格,2
做事,2
确信,2
无用,2
优秀学生,2
长奥,2
车里,2
随打,2
群上,2
帮转,2
了结,2
李小姐,2
当初,2
清风,2
华星,2
21670,2
神经,2
女神,2
帮先,2
一块,2
78900,2
先去,2
脑袋,2
基本上,2
墩,2
所立,2
菜品,2
Aomr,2
Lai,2
36480,2
天晴,2
宝,2
打卡,2
微博一,2
随来,2
河村,2
十四,2
3399,2
28416,2
几万,2
西安区,2
三电,2
朱聃,2
海信集团,2
给明,2
飞书,2
张忠银,2
乌海市,2
990,2
王伟强,2
大不点,2
静安,2
外逃,2
银河系,2
候和别,2
化工,2
泰诺,2
噢,2
警车,2
赣,2
中阳,2
要订,2
表情,2
送货到,2
酸,2
程,2
四万七千,2
四百,2
疑问,2
拜访,2
武,2
转账-,2
先问,2
第四个,2
案底,2
随和,2
这样的话,2
摔跤,2
租房,2
21373,2
邹先生,2
详细情况,2
迎宾路,2
汇票,2
喝了酒,2
新加坡,2
24400,2
随加,2
世界杯,2
汇过,2
喜知悦,2
92400,2
蒋乐,2
倓,2
接周,2
帮其付,2
1804,2
马生荣,2
功课,2
沿江,2
账号密码,2
最高,2
改名字,2
陈闻,2
通了,2
明平,2
急于,2
还明,2
市委,2
9930,2
91200,2
1400,2
十钟,2
沉默,2
16821,2
招收,2
莫小妮,2
该名,2
经纪,2
403,2
订不上,2
东丽,2
续签,2
回家路上,2
l,2
8891,2
冯军桂,2
夏琦,2
聊起,2
八个,2
血,2
亲戚朋友,2
16789,2
保姆,2
以升舱,2
26700,2
思语,2
高某,2
万户,2
167,2
佛山市,2
锦之海,2
纺织,2
Word,2
玉龙,2
误信,2
家纺,2
废弃,2
欧乐,2
不一会,2
默往,2
沃森,2
唐山市,2
庆永,2
00835,2
88005,2
金色,2
半夜,2
称怕,2
文理科,2
卡用,2
2018,2
随向发,2
长乐,2
歌,2
赖水友,2
赖俊贤,2
已满,2
Liu,2
ww,2
903,2
中山公园,2
南阳,2
zeja,2
被关,2
姐妹,2
凤华,2
先于,2
。51,2
原价,2
充值卡,2
大厦,2
潍坊,2
坨,2
五里,2
行不行,2
胡萝,2
小票,2
退百之,2
bei,2
详聊,2
万美金,2
心型,2
六班,2
明早,2
周总,2
静安区,2
银行职员,2
服务器,2
故障,2
武夷路,2
23866,2
不怎么,2
差不多,2
赵雪琴,2
几乎,2
李豪,2
怪,2
事成,2
光明,2
加好,2
Kevin,2
79500,2
高行,2
11264,2
职校,2
金鹏,2
奇,2
高超,2
讨,2
找过,2
十点,2
查不到,2
11100,2
家弟,2
kysec,2
5581.58,2
33500,2
008,2
经开区,2
睡不醒,2
废话,2
杆,2
帮帮忙,2
瑒,2
问其收,2
沃尔沃,2
加蓬,2
电子礼品,2
电子卡,2
巩义市,2
蘑菇,2
售票员,2
48300,2
然帮,2
新群,2
浦东新区,2
包拿证,2
景泽发,2
515,2
胜达,2
26600,2
11600,2
跃平,2
9400,2
零中,2
7881,2
回龙观,2
53700,2
43830,2
基金,2
4870,2
让现,2
打招呼,2
薯片,2
创始,2
掌握,2
er,2
一碗,2
酷酷,2
28300,2
金牌,2
大道,2
211,2
19200,2
之未,2
5989,2
工艺品,2
花岗岩,2
春来,2
市面,2
eid,2
10114,2
465,2
张晰,2
平和,2
余万,2
崇文门,2
7300,2
红山,2
一百,2
97160,2
25300,2
30150,2
草塘,2
限量,2
4240,2
岫,2
个性,2
微波,2
牵,2
5399,2
立贤,2
楼上,2
烈山区,2
淮北市,2
初级中学,2
”-,2
称会延,2
要林佳纯,2
运转,2
柏祥镇,2
贵重物品,2
报过,2
李先生,2
连云,2
56100,2
聊到,2
张小杰,2
线,2
该软件,2
该起,2
俤,2
外来,2
外公,2
园山仔,2
马站,2
文曲,2
16.4,2
讯通,2
保障金,2
合伙,2
该微,2
杭州市,2
买房子,2
忽悠,2
万为,2
吵醒,2
村水韵,2
现先,2
总数,2
】【,2
阳江市,2
高力,2
因看,2
汇完,2
玫瑰,2
互联,2
链,2
word,2
标题,2
朝要,2
研究生班,2
取共,2
79661,2
样子,2
公公,2
26750,2
亲自,2
卓颖向,2
挖掘机,2
陆菊明,2
正控,2
电气设备,2
卖电箱,2
97480,2
最多能,2
最少,2
9441,2
有弃票,2
再要,2
61600,2
义乌,2
39960,2
到款,2
官员,2
随于,2
要用,2
青浦,2
美团,2
梅州,2
丰顺,2
汤坑,2
4.8,2
地是,2
三门峡,2
不良,2
踹,2
400,2
福田,2
按向,2
款系,2
一卖,2
白小茗,2
。0,2
微博加,2
阳明,2
雷小满,2
接经,2
媛,2
体验,2
叫星浩,2
称用,2
哈弗,2
彩虹,2
最新,2
高峰期,2
盛扬,2
祁队,2
99500,2
湘阳,2
17100,2
兴昌,2
庄村,2
福田区,2
Ditan,2
：大,2
教科院,2
浦星路,2
过大,2
附属中学,2
税费,2
龙港,2
随问,2
走访,2
侄女婿,2
13478,2
580,2
陆福,2
相符,2
天惠,2
有误,2
云龙,2
退伍,2
自以为是,2
16.5,2
11.2,2
点前,2
董加文,2
圣,2
孙帅,2
籍,2
※,2
需求,2
用以,2
鄞州,2
7080,2
失去,2
艾罗,2
闫总,2
邮电大学,2
因中,2
走动,2
建矿,2
Tony,2
1.6,2
朱金,2
暖气,2
芒果,2
称买,2
不出,2
不开,2
期号,2
弟,2
其老姨,2
有件事,2
两卡己,2
联合国,2
策划,2
。性别,2
城关,2
子女,2
黄借,2
现问,2
真是,2
气,2
科威特,2
78600,2
问其能,2
溜溜,2
4009,2
翻翻,2
刚换,2
哈哈哈,2
白茆,2
贺信,2
就读于,2
利,2
姐发,2
异样,2
诱其,2
315,2
老战友,2
哪有,2
国库券,2
新北,2
会计师,2
长宁路,2
YX,2
要收,2
关费,2
37900,2
启明,2
网购,2
机诈,2
孙女,2
）号,2
绑卡,2
宝蓓,2
二十四,2
延期付款,2
市政,2
中其,2
起先,2
爱进,2
18552,2
旭宣,2
创智,2
基础,2
刘转,2
卡住,2
外线,2
王美,2
订阅,2
金阳,2
南塔,2
伤情,2
92,2
3387,2
静,2
得于,2
美玉,2
先出,2
所转,2
魏总,2
称一,2
石,2
媒体,2
75600,2
81,2
凑齐,2
河鱼,2
对外,2
不咸,2
其账,2
19356,2
徐杨,2
14998,2
军械,2
财务室,2
王刚,2
67000,2
早就,2
用要,2
伟奇,2
合众,2
熟取,2
。15,2
副总经理,2
。18,2
鱼网,2
建设部,2
填,2
万达,2
维吾尔族,2
27874,2
天意,2
将要,2
鲁班,2
置业,2
成森,2
桑柳,2
火车站,2
介于,2
陈背,2
7009,2
贵溪,2
鹰潭,2
23930,2
项,2
陈一能,2
流血,2
桌子,2
其堂,2
可疑,2
95400,2
2580,2
赠送,2
13400,2
记不住,2
吴总,2
胡大坤,2
李凯称,2
深,2
问本,2
八千,2
老朋友,2
94000,2
要开,2
天问,2
市云亭,2
智康,2
德卡,2
4474,2
上饶,2
清理,2
15548,2
郝家,2
陈建,2
考,2
85600,2
微脉,2
。14,2
金红飞,2
洗黑,2
532,2
副所长,2
谈事,2
德福,2
感冒,2
文子健,2
笔记,2
绿本,2
44798,2
不太对,2
原本,2
念念,2
4880,2
诺,2
39900,2
龚怀心,2
倒计,2
中国海关,2
析师,2
简介,2
王永强,2
老客户,2
主页,2
第五个,2
威胁,2
小鸡,2
其四,2
委托书,2
已于,2
胡花,2
博主,2
金陵,2
中用,2
大卫,2
大量,2
扫发,2
53600,2
晋中,2
借怕,2
称换,2
安堂,2
漱玉溥,2
龙港区,2
夏茂银,2
葫芦岛市,2
物联,2
欣欣,2
转走,2
41280,2
9966,2
WX,2
I,2
东吉局,2
辨别,2
车内,2
问来,2
199,2
湉,2
然该,2
因给,2
40110,2
中途,2
送给,2
博拉,2
留下,2
交友,2
奶粉,2
引渡,2
以取,2
检察官,2
龙章华,2
顺便来,2
7670,2
回想,2
安踏,2
pink,2
京度,2
50237,2
25600,2
拉到,2
畅聊,2
辛庄,2
尧都区,2
下达,2
花椒,2
elbin,2
清空,2
西塞山区,2
密谋策划,2
食品店,2
女现,2
紧,2
山湖路,2
开卡为,2
6790,2
江山,2
动手,2
49985,2
诠释,2
唯爱,2
滨河,2
33350,2
默,2
措施,2
刑事诉讼法,2
便加,2
乐视,2
投频,2
不忘,2
3594,2
受了伤,2
码转,2
BTC,2
来往,2
松立,2
下意识,2
红旗,2
进该,2
别用,2
团购,2
相识,2
97599,2
张进鹏,2
"""-",2
群让,2
长阳,2
41.5,2
77900,2
405,2
犯罪案件,2
称称,2
对账,2
以称,2
点进,2
向外,2
李浩,2
澳门,2
研究,2
。;,2
简勘,2
验货,2
张运,2
借完,2
称上,2
难,2
权限,2
网络游戏,2
QQpyy,2
火龙果,2
周二,2
事实，,2
国内机票,2
远,2
至上,2
以收,2
大大,2
遇见,2
恒者,2
唐嶷,2
42.49,2
吕富行,2
向付,2
27691,2
白庆松,2
李伟,2
糊,2
4989,2
代充,2
买好,2
周小玲,2
十三万,2
要定,2
蛤蟆,2
这家,2
重病,2
朱汉宝发,2
疑惑,2
几节课,2
餐馆,2
认定,2
44400,2
章银,2
拍,2
接过,2
驱动,2
颜艳艳,2
吴敏,2
周口市,2
农畜,2
推广,2
2000Q,2
真实情况,2
没什么,2
东丰,2
查账,2
寨子,2
辛,2
查收,2
猩猩,2
1415,2
4414,2
军训,2
伏会会,2
随是,2
4050,2
）10,2
CHEN,2
杰通,2
94300,2
其私,2
事务所,2
魏村家边,2
内在,2
正阳,2
爱顺悦,2
盗,2
韶山,2
陈菊,2
湘潭市,2
诸暨市,2
那头,2
上步,2
５,2
万隆,2
丰台,2
64480,2
候是,2
从本,2
曹丁,2
研判,2
咸,2
盐巴,2
説,2
訴,2
12808,2
91000,2
糊涂,2
公职,2
尚耀辉,2
222,2
空调设备,2
联璧,2
两倍,2
杰辉,2
过客,2
38.3,2
小朋友,2
编造,2
13648,2
转接,2
阳台,2
知名,2
界,2
蕨类植物,2
为安卓,2
急需资金,2
61000,2
美图,2
再加,2
臣,2
14500,2
398.6,2
280,2
Yuan,2
楼梯,2
套装,2
太少,2
随就发,2
冻住,2
这买,2
保存,2
以子,2
47.113,2
）称,2
堂兄弟,2
孖,2
讲师,2
教务科,2
审批,2
。接警,2
文员,2
清河,2
本借,2
奶糖,2
聘请,2
­,2
依安,2
地上,2
自觉,2
24850,2
望城,2
62,2
整理,2
:，,2
区内,2
申请单,2
读大一,2
新华,2
8301.6,2
依安县,2
六次,2
27965,2
延吉,2
推拿,2
现堪,2
24900,2
彬,2
食品机械,2
发案地,2
旭众,2
以刚,2
英语课程,2
阳春,2
聊过,2
真名,2
小天鹅,2
称家,2
闯祸,2
五角场,2
迈,2
绮梦,2
威,2
系诈,2
中国银行-,2
1.2,2
知春路,2
凌,2
朴实,2
龙泉市,2
蓝天,2
龙泰,2
优惠活动,2
微博向,2
我妈,2
他用,2
1288,2
5888,2
顺风,2
在校学生,2
片刻,2
七班,2
商为,2
无多,2
周水子,2
10200,2
2110,2
39890,2
受立,2
监督管理,2
委员会,2
课堂,2
携带,2
该校,2
规则,2
公布,2
退返,2
讨债,2
305,2
其怕,2
新生,2
2.2,2
仔,2
旺,2
1205,2
劝阻,2
音发,2
朝阳市,2
下线,2
咪,2
系微信,2
当晚,2
致其,2
1.68,2
因家,2
46008,2
副总,2
这段,2
摆平,2
买菜,2
医院院长,2
所报,2
听不清,2
纤维,2
然看,2
优学,2
优,2
然对,2
缘故,2
寻找,2
教育处,2
钧,2
候好,2
慧慧,2
装备,2
陕西,2
犹豫,2
远方,2
光辉,2
易联,2
下用,2
大楼,2
72,2
43000,2
机票代理,2
大港,2
30200,2
书院,2
Smile,2
千多,2
AAA,2
县局,2
赔偿款,2
有位,2
拦截,2
塘村,2
争执,2
yzhdn,2
高桥,2
希德,2
笔数,2
45900,2
向林,2
万汇,2
76000,2
接一,2
503,2
推出,2
总价,2
紧迫,2
安阳市,2
按群,2
接货,2
4S店,2
89,2
总公司,2
留有,2
处布,2
今早,2
储蓄银行,2
尊敬,2
买卖,2
出群,2
21887,2
豆豆,2
意向,2
滞留,2
前一天,2
清晨,2
林业大学,2
候会,2
口镇,2
胥,2
故暂,2
新成,2
海员,2
彩信,2
称过,2
4995,2
福海,2
51610,2
出具,2
跨,2
飞回,2
2904,2
称票,2
兴趣,2
开课,2
和现,2
中山北路,2
闵行局,2
10010,2
孙武,2
债务,2
误伤,2
之去,2
无忧,2
极高,2
龚,2
祝令召,2
柠檬,2
以退,2
比较严重,2
再理,2
王瑞,2
孙生,2
795,2
14886,2
两门课,2
华坪,2
）来,2
李越,2
澳大利亚,2
资金不足,2
18355,2
转让金,2
王云飞,2
理解,2
赔偿费,2
传播,2
三局,2
8685,2
8580,2
台台,2
冲突,2
303,2
中文名,2
汉唐,2
公用设施,2
40000.00,2
用个,2
押,2
兑冲,2
。青龙,2
提款,2
悠然,2
盼,2
韩盼,2
43100,2
称交,2
青海,2
安国,2
张超,2
修好,2
李哲银,2
现居,2
朱梓铭,2
宋嘉伟,2
防止,2
叫于,2
匹配,2
防护,2
之要,2
。的,2
4030,2
德星,2
命名,2
报价单,2
成有,2
懂,2
李成,2
小董,2
十五,2
高考,2
合共,2
伤者,2
音乐,2
殇,2
其添,2
38.7,2
96800,2
三峡,2
1100,2
网上支付,2
搭讪,2
机械配件,2
郭大本,2
尖,2
白城,2
勤,2
泪,2
抢劫,2
此称,2
77600,2
。022,2
美容,2
微博小,2
办事处,2
冉符,2
先要,2
找我聊,2
上钢,2
违法,2
面给,2
账目,2
32890,2
北,2
七家,2
再也,2
轩,2
之下,2
称带,2
好以,2
45100,2
练,2
购买证,2
认可,2
24816.68,2
共乐,2
宝安,2
排查,2
730,2
其扫码,2
三中,2
其点,2
赔给,2
春天,2
团团,2
笕,2
共产主义,2
9378,2
南环路,2
磕,2
单据,2
昆明市,2
马来西亚,2
恶化,2
途径,2
彩豆,2
兑,2
11983,2
田永富,2
35949,2
嫌,2
VIP35,2
出该,2
督办,2
95600,2
老二,2
梁会涛,2
先向发,2
其该,2
交费用,2
迪信通,2
过称,2
s,2
4486,2
称本,2
有限,2
足额,2
批,2
小窝,2
比邻星,2
移除,2
建群,2
总额,2
五千,2
江云,2
7741,2
账该,2
帮买,2
心理,2
本才,2
泰,2
001,2
第八,2
一个班,2
96021.5,2
32007.2,2
十三陵,2
就业,2
微机,2
救救,2
570,2
Tiam,2
。兰陵,2
填入,2
张江,2
有过,2
49860,2
陪同,2
中博,2
16700,2
镇吉鸿,2
底商,2
伟哥,2
货要,2
）*,2
铁皮,2
七点,2
安,2
黄道,2
公务舱,2
岗位,2
32570,2
街坊,2
大王,2
播出,2
友谊,2
小玥,2
欧凯,2
望昕苑,2
三墩,2
出款,2
5400,2
为止,2
催其,2
一笑倾城,2
吉林大学,2
转张,2
算是,2
感,2
第八次,2
第七次,2
晋江,2
发电机,2
报酬,2
背,2
雷原,2
烟酒,2
还用,2
装车,2
现存,2
艺,2
多久,2
跟本,2
航渡,2
已到,2
天润城,2
1579,2
好意思,2
早点,2
林区,2
亚布力,2
林业局,2
奋斗,2
表叔,2
姑娘,2
宏远,2
问张,2
八十,2
女生宿舍,2
blue,2
）(,2
宝驰,2
未查,2
工资卡,2
新炳辉,2
制止,2
填好,2
获利,2
中问,2
抽查,2
3.5,2
称做,2
弟妹,2
据称,2
46067,2
致农,2
配送,2
埭,2
余杭,2
预谋,2
达成,2
不长,2
高等数学,2
错误代码,2
抓走,2
32860,2
APP-,2
我会,2
洛神,2
东北,2
千灯,2
镇汉,2
防隐案,2
昆路,2
防,2
179,2
动静,2
31867,2
细看,2
微博问,2
红旗街,2
安慰,2
黄梅,2
22500,2
护士,2
成绩,2
不付,2
代码,2
桌,2
17649,2
每箱,2
心动,2
打进,2
助力,2
盗号者,2
发微博,2
未接,2
嘟嘟,2
修米堡,2
娜娜,2
通联,2
家属楼,2
问起,2
课要,2
桂林,2
出库,2
内个,2
阶段,2
、-,2
聪明,2
疾病,2
皓,2
朱,2
但来,2
警觉,2
现经,2
用交,2
眭世宸,2
有所,2
选着,2
灵借,2
诈称,2
3055,2
筹到,2
K01,2
淘,2
秘书,2
妍,2
昆明,2
15399,2
移动,2
锁,2
嘉,2
来松园,2
繁忙,2
乔,2
椰汁,2
事经,2
理发店,2
童庆伟,2
秀水,2
正式,2
原上,2
南山,2
其友,2
）报称,2
六千,2
同学聚会,2
门前,2
马上转,2
侦,2
泄漏,2
来源,2
佛山,2
顺德,2
做梦,2
太多,2
西安市,2
九,2
候要,2
乡镇,2
订饭,2
夏天,2
小熊,2
拒收,2
一回,2
随称,2
3499,2
要套,2
欠条,2
17380,2
ˉ,2
农安县,2
票为,2
蒋鑫,2
13860,2
68700,2
报单,2
想学,2
纸飞机,2
现交,2
货币,2
打错,2
洪局,2
装作,2
货品,2
没报,2
越来越,2
孟家,2
马腾,2
法律责任,2
一抖,2
因怕,2
预设,2
是校,2
第一条,2
圈套,2
团建,2
可妮,2
麻麻,2
铺,2
倒地,2
好长,2
机会难得,2
衣服,2
模具,2
一方,2
发生争执,2
29980,2
面包,2
28380,2
55200,2
五常,2
确有,2
下以,2
独山,2
朗,2
贷借,2
49980,2
刚交,2
小燕于,2
那笔,2
峰峰,2
多报,2
饰件,2
书本费,2
---,2
6.8,2
回头,2
一钟,2
9880,2
姑爷,2
83000,2
问到,2
张女士,2
105,2
吃喝,2
一扫,2
2907,2
空嘉庭,2
阑尾炎,2
汇川,2
龙潭区,2
监护,2
梅林,2
办公楼,2
龙城,2
一袋,2
无借,2
29986,2
对端,2
转成,2
只想,2
1919,2
打向,2
海风,2
34900,2
19500,2
0510,2
广之源,2
57800,2
有来,2
过程中将,2
由本,2
沁,2
装货,2
现查明,2
够买,2
结合,2
意大利,2
文,2
倪,2
悦,2
海纳百川,2
李智,2
领了,2
李劭雯,2
版图,2
舜,2
去一趟,2
车站,2
出生,2
操作工,2
25683,2
周浦,2
相约,2
87040,2
先取,2
斤,2
柜员,2
够,2
称转,2
2017,2
带货,2
imei,2
公账,2
呼和浩特,2
之来,2
发信,2
环港,2
不交,2
新型,2
往里,2
7088,2
藁城,2
松鼠,2
专,2
海区,2
智利,2
晶源,2
拉其,2
餐厨,2
现是,2
PLOY,2
20L,2
润滑油,2
79968,2
能及,2
箱自,2
寨,2
五天,2
售罄,2
案即,2
工作效率,2
品,2
46300,2
密云,2
硕橙,2
爱国,2
isel,2
兰坪,2
翠竹,2
机关报,2
铁东区,2
堂叔,2
入群,2
咬,2
矫合,2
出不去,2
问群,2
数笔,2
器正,2
方便面,2
陆家,2
微博博主,2
新微信,2
现货,2
打破,2
申请理由,2
1120,2
观察,2
花开,2
吹,2
其本于,2
宾馆,2
其网,2
汕头,2
名目,2
K1205,2
潘科宇,2
。所接,2
一课,2
硅烷,2
交清,2
十三,2
卡主是,2
web,2
不一会儿,2
智,2
童泾路,2
派,2
小兔,2
星辰,2
相对,2
浸渍,2
38700,2
放行,2
防腐,2
李艳晓,2
剂,2
20.6,2
每节课,2
懒财,2
我然,2
2400,2
。新丰,2
恩,2
美丽,2
因微博,2
账面,2
红红火火,2
以订,2
看群,2
选中,2
红火,2
三点,2
系微博,2
212,2
静待,2
西区,2
1101,2
找该,2
先想,2
下周一,2
工作组,2
41300,2
2004,2
26300,2
货到,2
落地,2
鹅,2
系有,2
david,2
、，,2
博称,2
之其,2
多问,2
然过,2
康硕,2
刘爽,2
东莞市,2
货物运输,2
。居民,2
电工材料,2
周彦成,2
手动,2
狗,2
午饭,2
问假,2
转下,2
陆惠融,2
天马,2
曹胜东,2
假姜,2
教程,2
南宁,2
间点,2
自习,2
19760,2
操作程序,2
高仿,2
其明,2
限购,2
广一,2
想报,2
次列车,2
质量,2
亳州市,2
76566,2
念,2
9200,2
问微,2
故而,2
橙子,2
致,2
高质,2
惠普,2
满意,2
催着,2
发群里,2
光学,2
硕,2
秋,2
理葛凯,2
最亮,2
清除,2
27780,2
称能,2
..,2
19400,2
向明,2
坐,2
优诺,2
50500,2
银两,2
办点,2
2016,2
县,2
姜丹,2
十个,2
大厅,2
韩有容,2
极其,2
泵业,2
李微信,2
细雨,2
修金,2
退网,2
李发,2
唠嗑,2
多岁,2
专科学校,2
银付,1
长乐路,1
牛超,1
现为,1
过目,1
故先,1
970,1
专注,1
华峰,1
按至,1
打闹,1
帮发个,1
燕雄来,1
张虹付,1
火烧,1
黄浦区,1
陈述,1
张虹来,1
款同,1
故和燕雄,1
弄伤,1
间诈,1
175,1
上订,1
版本,1
中药材,1
广播剧,1
张正亚系,1
东苑,1
小视频,1
点以,1
别借,1
泰迪迪,1
事态,1
1612,1
初有,1
3980,1
37980,1
加价,1
躲避,1
猫友定,1
帮要,1
回返,1
出现异常,1
炒蛋,1
驴肉,1
住院手续,1
他款,1
珠三角,1
京新,1
大庆市,1
承,1
乌慎声,1
德莱克,1
打紧,1
西罗园,1
金枪鱼,1
利港,1
健少,1
点将,1
方才,1
顶秀欣园,1
向小燕,1
两千,1
借着,1
专营店,1
正亚带,1
35276,1
架构,1
北电,1
开心果,1
龙华,1
下属,1
睿,1
兼任,1
老用,1
副科长,1
niehy,1
经老,1
财务科,1
思匠,1
中无子,1
候村,1
现任,1
Zoom,1
11000，,1
已发,1
软件包,1
蒙金宝,1
轨迹,1
慈溪,1
应急款,1
调试,1
该郗,1
然于,1
因叶,1
加叶,1
|,1
鹿城区,1
伍万,1
）接称,1
总是,1
打官司,1
陈营,1
回充,1
拽,1
",，",1
微博来,1
何发海,1
郑村,1
报有,1
36521,1
郗群,1
江为,1
身份，,1
流调,1
中聊,1
蒸饺,1
江华,1
红英,1
翠翠好物,1
恰好,1
航宇,1
花平事,1
张紫韵,1
轩岚诺,1
经济仓,1
出完,1
因话,1
1107,1
为华应,1
捏造,1
默认,1
黄松峪,1
息传,1
5502,1
平事,1
男明星,1
iX,1
大师,1
王凯,1
小利,1
大赏,1
足道,1
young,1
莉,1
亡,1
檤,1
赖,1
蔚,1
铨,1
湜,1
辐,1
挱,1
醒,1
0451,1
珍本,1
逍林,1
鉍,1
：20,1
小孙子,1
7280,1
违反,1
生化,1
微博账,1
朝格图,1
大星,1
上推,1
用熊,1
门课,1
七只,1
海伦市,1
21000-,1
海港,1
亲因,1
报其,1
)我,1
鸭绿江,1
振安局,1
攀谈,1
听该,1
西港,1
鲸落,1
老歌,1
一首,1
已去,1
国鹰,1
蔡文娟,1
2308,1
现到,1
李才,1
一遇,1
金立宇,1
赛音,1
走网,1
帮面,1
丰镇市,1
0731,1
热线,1
别家,1
show,1
阿尔贝,1
娜,1
JHY,1
总经销商,1
一诈,1
14.8,1
脑震荡,1
发错,1
轻微,1
收账,1
记不得,1
多疑,1
称有件,1
数码科技,1
春稻,1
没关系,1
一口,1
多来,1
跨过,1
门房,1
动工,1
武警部队,1
新辉,1
高远,1
7010,1
开好,1
晓明,1
于晓明次,1
技术员,1
李先,1
延寿县,1
暂无,1
IMEi,1
多想于,1
跨服,1
出去玩,1
化名,1
盱眙县,1
中央,1
盱眙,1
190cm,1
加厚,1
高速公路,1
收费站,1
拆借,1
无前科,1
海适家,1
李本,1
邂逅,1
完美,1
鞋业,1
东街,1
鼓楼,1
Sumer,1
聚龙,1
营地,1
任晓青,1
战地,1
志当存,1
心芯心,1
李就发,1
0905,1
zr,1
丹丹,1
兰熙,1
47.8,1
万美,1
提起,1
票据,1
李账,1
增值税,1
李要,1
百宏,1
美容店,1
金在,1
34760,1
零点,1
李就用,1
赎金,1
威武,1
学府路,1
金针菇,1
其包,1
悟空,1
11001,1
18011,1
阿拉丁,1
鞠私,1
葵潭,1
万便,1
内江,1
马丁,1
1888,1
安检员,1
31200报,1
里别,1
本向,1
58APP,1
再定,1
指挥部,1
然领,1
49450,1
亚拉,1
期初,1
积极,1
。陈述,1
保护法,1
呐,1
麦穗,1
运送,1
乔乔乔,1
微博乔,1
33152,1
以会,1
买药,1
物诈,1
虹口,1
其回,1
音频,1
"中国建设银行,",1
李鑫,1
2480,1
内上,1
下选,1
集体,1
给们,1
袋子,1
230,1
比例,1
跟们,1
实名制,1
管弄,1
过班,1
中大报,1
33750,1
252,1
维护费,1
刺机,1
交血,1
一个劲,1
45817.86,1
27809.36,1
先报,1
18008.5,1
接朗称,1
故于,1
像头,1
到系,1
周强,1
一问,1
九中,1
啸,1
散会,1
正开着,1
河街,1
信来,1
1520,1
余凤先,1
hh,1
思想,1
附言,1
太乱,1
叫余凤先,1
风靡,1
打错字,1
来子,1
为灿灿,1
输进去,1
68300,1
入迷,1
康健,1
23988,1
等点,1
经沈河局,1
79876.05,1
请明,1
184.141-,1
参会,1
没加,1
天真,1
弹出来,1
步聚子,1
很皮,1
1ove,1
41715，,1
刘汝闯,1
诈是,1
一字之差,1
wxia,1
候子,1
184.141,1
信包,1
3481,1
爸爸妈妈,1
刘东组,1
居委,1
李永方,1
刘瑞,1
王存甫,1
涂,1
♚,1
可医,1
无药,1
心痛,1
借其,1
不论是,1
大晔子,1
0000,1
张正,1
1499.97,1
两别,1
同济大学,1
向查,1
陈桥,1
那会,1
快冻,1
卡顿,1
yooki,1
破站,1
不卡,1
之刚,1
好瓦夏,1
瓦夏瓦夏,1
充代刷,1
国豪,1
低级,1
3497,1
屁,1
蹦,1
神奇,1
该范,1
太钢,1
钢铁集团,1
局移,1
翔宇,1
包邮,1
．，,1
宝信,1
token,1
车型,1
丛镇,1
好十笔,1
14700-,1
经所,1
饭菜,1
服装费,1
系一幼,1
商买,1
一幼,1
杨阿祥,1
。资中县,1
诈警情,1
凯博,1
付顺勇,1
29940,1
新课程,1
，（,1
38580.08,1
被打者,1
由该,1
一系列,1
崩坏,1
直系亲属,1
12.55,1
新乡市,1
商业版,1
二维,1
青久,1
八九不离十,1
转一,1
会话,1
总队,1
224,1
保养,1
醒过来,1
救,1
一长串,1
国际贸易,1
嘉盛鑫汇,1
电脑操作,1
然其用,1
预付卡,1
首约,1
本溪市,1
局会峰,1
约合,1
滁州市,1
局子,1
当智,1
多杰,1
53699.97,1
明山局,1
那天,1
从飞,1
出证,1
四考,1
到科,1
中国大使馆,1
公文,1
科二,1
明山,1
8.26,1
迷糊,1
翼彩,1
三明,1
）4,1
消防车,1
两辆,1
队里,1
time,1
458,1
空心,1
酸奶,1
东华大学,1
之微博,1
蔡一,1
上诈,1
0096,1
dear,1
保额,1
jump,1
局于,1
这封,1
天山路,1
其朋,1
告急,1
脑力,1
晋商,1
1013,1
千都,1
然二在,1
骏杰,1
业务联系,1
269,1
。16,1
完一科,1
、至,1
之其此,1
气以,1
冲气,1
上主播,1
股票投资,1
。网络,1
下账,1
用公户,1
.接,1
现役,1
荒,1
曦,1
清心,1
潘家款,1
三园,1
问花,1
艾呆,1
Epic,1
面对,1
军,1
发工资,1
徐辉,1
珍爱,1
延平区,1
南平市,1
李江涌,1
朱忠,1
并报,1
芬称,1
经台,1
韩素,1
其方,1
付为,1
款天会,1
然线,1
另有,1
购销,1
立为,1
何其,1
转装,1
北集坡,1
泰安市,1
别来,1
47800,1
因果,1
王斌,1
3801,1
陈国辉,1
老熟,1
0503,1
马小玲,1
然康小娜,1
。9,1
不算,1
费以,1
刚去,1
候掉,1
10650.51,1
汇款-,1
槐亚楠,1
及要,1
该组,1
投屏宝,1
站内搜索,1
有开,1
员不收,1
曹向,1
两桌,1
市政府办,1
0632,1
男画,1
71000,1
8500.00,1
自兵,1
大饼,1
调警,1
刀,1
25500.00,1
淑芳,1
17000.00,1
吃过饭,1
黑马,1
故给,1
25500,1
个点,1
河口镇,1
好扣,1
扫过去,1
解锁,1
燕子,1
挂账,1
投屏码,1
进群群,1
49950,1
IOS,1
昌家福,1
已知,1
80800,1
712,1
二号楼,1
下于,1
mob,1
site,1
本下,1
6861.21,1
186,1
土豆,1
因平,1
咥,1
今晚,1
该隆,1
隆梅系,1
1.8,1
高档,1
隆梅来,1
第二批,1
65950,1
涛,1
先花,1
吴江,1
北苑,1
科一,1
起获,1
以张,1
从军,1
转法,1
本周,1
毛豆,1
数额较大,1
款付,1
闻堰,1
99.98,1
黑加仑,1
卢卡,1
：老,1
规划局,1
04013,1
共买,1
199.96,1
稍微,1
重视,1
麦,1
毕竟,1
八十五,1
赴,1
申开林,1
带带,1
臭,1
乾钟,1
铁南局,1
铁岭市,1
12798,1
其及,1
95.7,1
Nina,1
84425,1
22280,1
无应答,1
内共,1
可否,1
交汇处,1
山路,1
兴华,1
资源管理,1
行政管理学,1
11111.06,1
16117.86,1
成成,1
心情,1
ie,1
27228.92,1
为成,1
其悠,1
199X,1
玉玉,1
钟春桂,1
直通,1
宋振群,1
对劲儿,1
孙晓丽,1
男神安,1
买高,1
买空,1
13700,1
延安,1
带子,1
优力,1
咨询师,1
特征,1
看不懂,1
68,1
石门,1
诱岳,1
可退,1
ai,1
唐梦,1
茂林,1
77500,1
1334,1
南泉,1
吕润,1
张升,1
小燕称,1
王文俊,1
晏道,1
丰收,1
一两个,1
然再用,1
三山,1
胜,1
中为,1
官庄镇,1
潜山,1
摄影网,1
正亚,1
伟攀,1
唆使,1
百联,1
永陵,1
鑫瑞达,1
结款,1
无敌,1
猴子,1
少交,1
英语口语,1
问李,1
飘逸,1
景洪,1
洋,1
学是,1
李冰,1
这行,1
加爱,1
放松,1
酪丝鸡,1
之往,1
太难,1
警惕,1
宝春其,1
宝春加,1
以花,1
做个,1
耐思,1
大西,1
轰,1
那宝春称,1
帮用,1
现请,1
每考,1
可更改,1
素源,1
7499.99,1
戏,1
演,1
完出票,1
梁马景,1
圈里,1
给出,1
21420,1
407,1
低为,1
万-,1
安全系数,1
降低利率,1
静海,1
top,1
扫完,1
yeah,1
强国,1
滞,1
山新,1
令向,1
冉,1
好吃,1
看起来,1
睡睡,1
9995,1
8554,1
厘,1
莜,1
现其经,1
取保候审,1
教练,1
九新,1
引渡回国,1
完卡,1
55880.35,1
零配件,1
无尘纸,1
吸水,1
就诊,1
T台,1
JE,1
锯机,1
挤塑板,1
店面,1
保温材料,1
zt,1
车轮,1
立中,1
好几万,1
麦顺龙,1
水秀,1
不汇,1
繆,1
邱庄,1
暂缓,1
邱,1
。经向,1
圆好,1
范美,1
陈好,1
现款,1
校内,1
威海,1
貌似,1
按加,1
苺,1
15482,1
系好,1
烦恼,1
郑何,1
温,1
皇冠,1
诈员,1
曾亮,1
67870,1
仙,1
vp,1
不卖,1
身处,1
53300,1
工商户,1
江津,1
荆州,1
大使,1
咸阳,1
5000-,1
海馨园,1
电机,1
易货,1
间会,1
金天,1
正特,1
+，,1
张干,1
桉木,1
覆水载川,1
18840,1
完之会,1
排到,1
几类,1
报不出,1
疫区,1
1313,1
赵赟竺,1
想买个,1
磊磊,1
鲁甸县,1
惯例,1
检所,1
赟,1
集成电路,1
设计,1
升腾,1
过顾,1
PSBC,1
签好,1
手写,1
群及,1
）022,1
荷风,1
郅,1
欧州,1
7030,1
40000.8,1
施工,1
称其店,1
行名,1
"领导,",1
友好,1
棋称,1
棋会,1
找明,1
金棋,1
然朱,1
法务,1
六权,1
朱大哥,1
暗香,1
卡名,1
黑牛庄,1
首,1
辽阳县,1
辽阳市,1
马金新,1
一下张,1
rice,1
糯米,1
限,1
am09,1
以南,1
通海县,1
京慈,1
盈袖,1
61800,1
感知,1
儿好,1
豆苗,1
蒙山县,1
汇泽,1
顾家,1
装配,1
徐亚腾,1
诈者,1
熟为,1
玻璃制品,1
宏玻,1
讯问,1
水电,1
证号,1
加班,1
龙武,1
以先,1
发电,1
经找,1
张金涛,1
银转,1
平谷区,1
南区,1
润园,1
随其用,1
111,1
58888,1
马坊,1
晓小丁,1
甜味,1
23880,1
4257,1
套近乎,1
上塘,1
来回,1
中报,1
全退,1
找法,1
其间,1
WORD,1
其外,1
青堆,1
醉驾,1
想见,1
3896,1
39179,1
潘立峰,1
孙做,1
29726,1
做单,1
带转,1
画,1
做买卖,1
杏花,1
孙看,1
岭局,1
小娜,1
然其加,1
3000，,1
辅酶,1
家乡,1
内点,1
发声明,1
园南,1
起源,1
蓝色,1
豪,1
鄢子,1
软件名称,1
候再,1
听雨,1
54725.6,1
55325.6,1
工贸,1
利强,1
问对,1
潘国,1
罗林燕,1
陆建萌,1
竹林,1
彭济,1
绍兴,1
广平,1
吉万龙,1
琈,1
珺,1
彭兆,1
直到现在,1
对们,1
嫁,1
之刷,1
锡军,1
钰,1
左雪家,1
1706,1
休,1
交朋友,1
解决问题,1
诈，,1
非法占有,1
其欲,1
合成,1
一班,1
麟龙,1
新田县,1
至同,1
划出,1
组成,1
武进,1
这子,1
创海,1
财务处,1
郝家美,1
弄不好,1
礼拜,1
成其,1
宁静,1
交到,1
钢丝绳,1
其算,1
作弊,1
大桥,1
和约,1
进修,1
和子,1
ZXY,1
洒下,1
张周,1
方能,1
桂阳县,1
顺水,1
内为,1
9.8,1
雅园,1
一新,1
生药学,1
这抖音,1
田国瑞,1
伶,1
叫芋,1
1X5,1
水利,1
机和网,1
39700,1
可未,1
外籍,1
申购,1
无语,1
他进,1
七里桥,1
大通银行,1
摩根,1
艳丽,1
接沃,1
候让,1
交考费,1
没过几天,1
一寸,1
载明,1
情况老,1
然拿着,1
异次,1
逗,1
95598,1
签过,1
炖,1
小猪,1
交过,1
。？,1
成才,1
保安,1
吕进,1
何江,1
正反面,1
周锋,1
❤,1
翰凯,1
网络软件,1
已将款,1
所要,1
询价,1
持久,1
有货,1
手下,1
安新县,1
送些,1
四局,1
屯村,1
秦家,1
郑先,1
郑给,1
报所,1
小车,1
系张,1
问考,1
一步到位,1
泓,1
天欣,1
A2,1
半截,1
水在,1
实业公司,1
慧诚,1
装修工,1
帝豪,1
不察,1
凤凤,1
现让,1
总汇,1
聊天室,1
吃完饭,1
归墟,1
办款,1
法律,1
纪大,1
细问,1
郑新加,1
雨露,1
乙酰,1
简柔,1
黄波,1
设施,1
打取,1
南大街,1
呼兰,1
认出,1
n（,1
交上,1
38788-,1
陈光,1
冲量,1
网银交,1
长青路,1
Deity,1
政,1
修建,1
老大,1
Arewe,1
小女儿,1
账会慢,1
德勤,1
19300,1
卡交,1
中断,1
网络通讯,1
卢秋娴,1
盐仓,1
名头,1
失主,1
纠结,1
舒服,1
微博网,1
余悸,1
语言,1
双井,1
消磁,1
胡向,1
无票,1
)在,1
巧巧,1
常裕,1
娜姐,1
铁西,1
3795,1
苏湾,1
苏湾镇,1
推掉,1
尔,1
转账，,1
703,1
26712,1
12500.16,1
31100,1
73701,1
咿佳,1
咿,1
其聊,1
车上,1
孙浪,1
彭坤,1
连带责任,1
债务纠纷,1
培训资料,1
冰冰,1
方正,1
文章,1
李程亮,1
代缴,1
领事馆,1
开看,1
干货,1
酒席,1
里定,1
弄僵,1
振兴中华,1
曹庄,1
曹庄乡,1
单县,1
缴,1
KPI,1
5999,1
16826,1
37000.00,1
LIM,1
眯,1
长短期,1
检察院,1
九原,1
尹志坚,1
向姐,1
先微信,1
发在姐,1
宝清县,1
没向,1
49008.09,1
64008.09,1
多功能,1
信系,1
做假,1
芙蓉,1
海龙,1
称若要,1
史大琳,1
魏孟松,1
孙静垒,1
黄康,1
李欣,1
没买成,1
王根,1
问冯,1
借越,1
就点,1
随越,1
35270,1
垫个,1
跟子,1
10150,1
苯板,1
旧,1
未办理,1
教学楼,1
研二,1
数理,1
上海师范大学,1
杨斌,1
诚意,1
检测，,1
19496.72,1
向国,1
他汇,1
早来,1
行惠,1
小雄,1
29100,1
江口,1
赵小团,1
包赔,1
注意安全,1
中北里,1
恒山,1
于都县,1
9.5,1
38.5,1
私家侦探,1
划走,1
昵,1
用称,1
早已,1
候向,1
吴先发,1
系因,1
财金,1
放心,1
3591,1
11200,1
数千,1
十余名,1
上汇,1
之借,1
幽澜,1
错误认识,1
洋报,1
铜臭,1
意味着,1
咸鱼,1
作案嫌疑,1
重大,1
来发,1
58800,1
弟媳,1
涛伦,1
阿克,1
慢慢,1
上市,1
2.5,1
服诈,1
美林,1
铭柏轩,1
依牛堡,1
何炳增,1
卢相吉,1
罗秀华,1
圈圈,1
醉酒,1
有利可图,1
茶山,1
完给,1
二队,1
{,1
zX51,1
充不,1
沐歌,1
张学,1
采集-,1
2563,1
岳财,1
柠檬茶,1
小严,1
彭张欢,1
19840,1
尘,1
浥,1
在垠坤棠,1
游览,1
4700-,1
上本,1
。昨天晚上,1
币然,1
工业园,1
二建,1
考取,1
学天,1
工作失误,1
1606,1
43600,1
沃川,1
微博弹,1
离谱,1
静芷,1
老姨本,1
子盗,1
9200.13,1
之银,1
翠微路,1
玉海园,1
花完,1
某位,1
应系,1
226,1
13200,1
00852,1
C1B,1
定居,1
2347,1
斌,1
辛苦,1
熔断,1
好了没,1
。盛,1
医疗器械,1
王队长,1
财险,1
武清,1
王小波,1
41064,1
19988,1
8988,1
6888,1
永治,1
小宋,1
卡号，,1
66800,1
白灯成,1
舒金祥,1
财务总监,1
4193,1
3099,1
352,1
舍,1
工学,1
武汉大学,1
萍儿,1
盈萍,1
色市,1
前前,1
张开,1
嘻嘻,1
溪溪,1
贺铧,1
新德,1
每桶,1
.之女,1
71700,1
25200,1
右江区,1
天亮,1
;18,1
IEMI1,1
结账,1
天订,1
23.86,1
村茗,1
报在国,1
咨询中心,1
&左右,1
试听,1
治,1
转签,1
成远,1
狄桂萍,1
赛博,1
青口,1
赣榆,1
连云港市,1
＠,1
立即-,1
得病,1
明荣,1
联系国,1
其常,1
洗澡,1
因以,1
株洲市,1
王乐,1
杨代祥,1
香蕉,1
19820,1
李红卫,1
关干,1
招,1
3796,1
瓷砖,1
再管,1
伊澍,1
atm,1
天区,1
叛忍,1
干嘛,1
南仓,1
阜外,1
宇,1
朱振宇,1
隆安,1
追究,1
磕到,1
多用,1
48600-,1
意外保险,1
海阔天空,1
周佳敏,1
16651.42,1
艾克小,1
9873,1
博主本,1
冠,1
艾课,1
小春,1
1127,1
保卫处,1
结方,1
聊花,1
违章,1
小博,1
社恐,1
关爱,1
陛下,1
彭远南,1
王锦才,1
润宇,1
别扭,1
18230,1
王明,1
杨家,1
野百合,1
练习题,1
富邻,1
好孩子,1
交通银行-,1
随群,1
县委,1
5148,1
彭龙浩,1
遂至,1
王雨彤,1
张思蕊,1
林小丽,1
刘鹏娇,1
永安,1
龙浩源,1
fufu,1
傻,1
隔壁家,1
微雨,1
张广旭,1
lee,1
全红,1
玲,1
zheyi,1
縁,1
2116,1
郝静余,1
查无,1
东芳,1
开交,1
收集,1
保持沉默,1
绿点,1
两部,1
博艾特,1
18800,1
二十几,1
Liang,1
刘敏,1
雅静,1
书包,1
62233,1
富龙,1
5746,1
1500.19,1
8980,1
丘志明,1
爱称,1
24974,1
国家税务,1
动卡,1
买单,1
逸乐,1
心似,1
碳酸钙,1
芝麻,1
为泓宇,1
其事,1
津贴,1
鸡,1
疑心,1
南栅,1
财务经理,1
亨石,1
虎门镇,1
quryn,1
27700,1
6101,1
402（,1
中餐,1
还报,1
格式,1
李丽,1
。28,1
环,1
４,1
龙航航,1
欸,1
七折,1
团票,1
下去,1
草食动物,1
Cris,1
袁杰,1
皮茂帅,1
现与,1
万家,1
号发,1
没换,1
潘泓宇,1
2261,1
苏州大学,1
编号（,1
芒来,1
百之五,1
高要,1
安歌用,1
给安歌,1
甘增,1
2115,1
以数,1
转存,1
本地,1
耘,1
厨师,1
信息沟通,1
大类,1
603,1
租用,1
英,1
28252,1
本诈,1
我到,1
7258,1
现只,1
孙陶,1
上存,1
现将,1
小伙,1
糖味,1
地锅,1
宜宾,1
言,1
东莱,1
孟卫斌,1
西村,1
外快,1
真如,1
7665,1
转写,1
23367,1
41795,1
地步,1
洪珊,1
29733,1
彭晓龙,1
连杰,1
11860,1
9960,1
81400,1
费需,1
。8,1
6068,1
厌烦,1
没货要,1
陈求雄,1
女同学,1
22200,1
九堂,1
浮世,1
深海,1
34000.01,1
洪金林,1
李硕,1
称则,1
随其越,1
6880,1
丁,1
凯斯,1
事关,1
局泉园,1
沈河,1
丘,1
系多,1
经家,1
427,1
桃花,1
再然,1
48990,1
第五套,1
海州,1
毛洪英,1
下注,1
极阳,1
极阴,1
空双,1
空单,1
多双,1
多单,1
平双,1
平单,1
做空,1
期数,1
88880,1
饱饱,1
中等专业,1
来诈,1
代驾,1
最长,1
余生,1
腾铭车,1
孙先生,1
求子,1
)左右,1
陈詹武,1
袄,1
靛蓝,1
阐述,1
操作系统,1
刚子,1
上次,1
农业发展银行,1
缺少,1
打微博,1
见龙,1
卸甲,1
禾城,1
没付,1
之给然,1
好不好,1
微博新开,1
微博登,1
验资,1
笛滴,1
二院,1
天向,1
4628,1
448,1
反补,1
然弹,1
仔细听,1
26250,1
28902,1
城厢区,1
显富,1
方知其,1
ip,1
摆,1
我开,1
没意思,1
赶上,1
管理中心,1
补能实,1
遏制,1
然叫,1
收割,1
惠龙,1
】非接触性,1
546,1
文慧园,1
流动资金,1
拥堵,1
直树,1
1103,1
张江镇秋,1
溪边,1
晋京,1
教其加,1
英雄,1
one,1
只不过,1
想不出,1
藏匿在,1
昨天上午,1
为部,1
经营不善,1
52318,1
实行,1
英健,1
候点,1
传起陆,1
非正常,1
补返,1
了然,1
打四,1
沙哑,1
29299,1
找照,1
820,1
好奇,1
刘龙,1
马亚,1
宝云,1
州,1
及云闪,1
28650,1
18902,1
憨,1
床上,1
告白,1
至南,1
张鸿磊,1
订张,1
这名林,1
康总,1
7640,1
Wbh,1
。经查明,1
--__,1
口古口,1
长岭县,1
珠江路,1
老胡,1
川镇,1
张志花,1
沁村,1
张志军,1
送为,1
️,1
✈,1
游子,1
需六小,1
沁屯,1
世创,1
超异,1
老丈,1
牛奶,1
查查,1
90100,1
转述,1
魏总交,1
存得,1
向康,1
码头,1
未佳欣,1
故处,1
上下级,1
滕浩,1
吻合,1
黄龙,1
住址-,1
获悉,1
张严,1
七组,1
刘圩村,1
耿车,1
减掉,1
宿城区,1
MOore,1
清兑,1
麻香,1
扫款,1
凤儿,1
毛祁,1
布瑞花,1
教培,1
飞翔,1
过多,1
查证,1
龙湖经,1
现正,1
表兄,1
足球,1
凯越,1
小苏,1
找花,1
28400,1
大方,1
十九,1
小玲,1
为，,1
130.88,1
续冻,1
三木,1
克山县,1
丁双,1
4288,1
无异议,1
男音,1
泰安,1
2419,1
高粱,1
于艳,1
0755,1
车辆,1
先刷,1
畅快,1
四中,1
还清,1
小汽车,1
称会用,1
无网,1
松江区,1
黄集,1
港机,1
刑园园,1
二十一万,1
七万,1
先共打,1
引荐,1
超声,1
台姆,1
称来,1
立正,1
帮花,1
训班,1
发班,1
有助于,1
衢州市,1
重点,1
智造,1
我哥,1
黄丽群,1
诈向,1
规格,1
75800,1
我订,1
定货,1
68800,1
。​,1
现国,1
花卉,1
华通,1
松城,1
py,1
银闪付,1
60885,1
尹学启,1
明细表,1
何先生,1
舱位,1
续期,1
回归,1
臧士博（,1
超话,1
空挡,1
明想,1
洗除,1
微信，,1
享受,1
村鲁楼,1
委屈,1
2999.93,1
1767.99,1
5768,1
单伟,1
名及,1
代打赏,1
随孙,1
潮玩,1
上花,1
一箱,1
个潮,1
模型,1
凭码,1
爱好者,1
36900,1
子潮,1
迪丽,1
冷巴,1
鬼,1
通微博,1
26900,1
图财,1
渠沟,1
。2018,1
批发价格,1
便照,1
侯尾平,1
更加,1
烽清,1
飞舞,1
出手,1
转手,1
2203,1
卖掉,1
递给,1
冯昱,1
恶意,1
银富宝,1
金融信息,1
起疑,1
雍正,1
处理意见,1
晟,1
群中以,1
宝坻,1
华瑞,1
李艳丹,1
高能,1
音为,1
莱,1
余北北,1
电焊工,1
称天要,1
杨福军,1
行程表,1
方式，,1
苏娱,1
806,1
海狮,1
永久,1
信均,1
出金,1
陈帅,1
号段,1
几十个,1
链核,1
生电面,1
注南,1
Ve,1
CPP,1
里波,1
下号,1
购关,1
乐方,1
充们,1
管线,1
天高海阔,1
西柳,1
现换,1
正为,1
再试一下,1
及部,1
张向,1
47900,1
SN,1
补税,1
23855,1
宣传教育,1
PESN,1
观前街,1
宫巷,1
96,1
不当,1
反诈类,1
廷业,1
Iris,1
哥是,1
青禅,1
讲话,1
倪阳,1
水心,1
进微,1
辰,1
14060.62,1
顺盖,1
银融,1
莱州,1
收入,1
润和润云,1
橡树,1
天然,1
两微,1
n，,1
80400,1
大号,1
科达,1
睡午觉,1
弄完,1
不少,1
新世界,1
瀚,1
126,1
困,1
田烁,1
行小关,1
小影,1
候叫,1
005,1
002,1
蜥宝,1
。之间,1
jc2c,1
运输,1
空运,1
帮查,1
李跃奎,1
南岳,1
辛健健,1
其艾特,1
艾特其,1
一个打,1
做账,1
看得起,1
关照,1
答应下来,1
因托,1
马良,1
陈英大,1
因无三,1
完在,1
较为,1
其拉在,1
经费,1
沙河口,1
管亚,1
龙渊,1
其在己,1
其哥,1
称助,1
便是,1
事区,1
做主,1
播,1
别永,1
42000（,1
急性,1
东亚,1
故进,1
23654.75,1
海福巷,1
江琛,1
仪器设备,1
已查（,1
公共,1
夕,1
十五斤,1
阿卑洛正,1
上海财经大学,1
微信花,1
p2p,1
再拉进,1
16710,1
称帮,1
居留证,1
66842,1
感兴趣,1
开店,1
13050,1
金鱼,1
柳川,1
玺萍,1
安安,1
长春,1
万顺,1
69600,1
基础课,1
卫国,1
芙,1
jing1,1
入院,1
お,1
は,1
尽头,1
乘车,1
冬,1
dxm,1
苗雪超,1
交换,1
生还,1
再报,1
毕业证,1
其待,1
为题,1
0912,1
纺织厂,1
熊,1
义节,1
46860,1
56860,1
铭开,1
易桩,1
不停,1
在昱宝,1
没法用,1
）9,1
费要,1
Anna,1
拆猴桃,1
071,1
答非所问,1
烔,1
。称其,1
吴吕勇,1
寿,1
1999.93,1
999.91,1
2999.84,1
治安案件,1
长江黄河,1
出国,1
海王星辰,1
30400,1
6480,1
次要,1
储,1
瑞勘,1
园林工程,1
妖精,1
吴建平,1
李桂川,1
摆个,1
刘天,1
4975,1
姜公,1
2210,1
"号,",1
20400,1
华尔街,1
康荣,1
杨小洪称,1
曹玲,1
甲以,1
306002,1
有限公司，,1
30600,1
0453,1
欺汇,1
中民,1
杨称,1
嘉熙,1
发钉,1
号110,1
前次,1
自报,1
接宋,1
向俊,1
回话,1
王总,1
徐华,1
清溪,1
南纬,1
中天,1
回音,1
叶柏寿,1
但店,1
26870,1
高新技术,1
产业,1
62500,1
康桑,1
思密达,1
刘小爱,1
芜湖,1
男女朋友,1
空白,1
几只,1
9800自己,1
oO-,1
写错,1
公用,1
员明,1
候转,1
来用,1
气泡,1
补个,1
汪晓逗,1
南法信,1
小学校长,1
向东流,1
678,1
轻易,1
看有,1
来手,1
过些,1
）;,1
处借,1
蓄,1
楚倬,1
G0716,1
现欲向,1
便来,1
以此为由,1
81300,1
清白,1
45550,1
防护服,1
余佳乐,1
NGHK,1
印度,1
海东,1
一米阳光,1
格格-,1
企鹅,1
水壶,1
机给,1
18680,1
给辉,1
维拉,1
名驻,1
只烧,1
他定,1
弥留之际,1
假微博,1
姓林,1
该换,1
祥安,1
房内,1
恶毒,1
付好,1
团员,1
淡入,1
判刑,1
科培,1
政馨园,1
三区,1
610,1
中联,1
寄走,1
先扫码,1
袁明杰,1
63009,1
若续,1
4730,1
931,1
曾德奎,1
在尔旗,1
求赠,1
便称,1
科众,1
界首市,1
踢出来,1
然俩,1
一两天,1
2%,1
称此,1
宇信,1
东城,1
但本,1
甬海,1
）接甬海,1
万丰路,1
话术,1
蔡亦长,1
彭某,1
薛家湾,1
烟火,1
濃情,1
玮,1
江金明,1
赖科,1
旧卡,1
上解,1
团宝,1
以送,1
回其,1
杨志文,1
工号-,1
王艳,1
王艳向,1
崇川区,1
校服,1
3618,1
婷婷,1
二十多万,1
尘埃,1
立信,1
每台,1
正东,1
看店,1
三星,1
1701,1
该处,1
第一批,1
单是,1
静好,1
任意,1
赔率,1
大嫂,1
补是,1
96900,1
博源,1
枫叶,1
真王莉,1
红林,1
妥否,1
请批示,1
网络版,1
71650,1
顺手,1
张有斌,1
弄倒,1
水浇到,1
赵伟,1
反抗,1
推搡,1
缝,1
九针,1
my666,1
这么久,1
一百一十二,1
依法追究,1
诈罪,1
用抖音,1
语乐,1
26650,1
张海祥,1
石龙,1
50650,1
全名,1
。局前,1
六条,1
会延,1
70851,1
岑加忠,1
已触犯,1
刑法,1
二百六十,1
吃好饭,1
瑞源,1
群称,1
综合部,1
刘星,1
brave,1
案子,1
MQy,1
2314,1
hunk,1
齐齐哈尔,1
Erin,1
昆丰,1
抢订,1
法名,1
款要,1
环迈,1
世文斌,1
21cn,1
糖果,1
钟前,1
57QQ,1
。202,1
称别,1
交界,1
隧道口,1
符文平,1
百信,1
13330,1
拾,1
22100,1
群用,1
内才,1
方现,1
候能,1
会及,1
青柠,1
澄清,1
查阅,1
枫木,1
然买,1
刮,1
奖区,1
娄,1
社工,1
正当,1
实际上,1
面其,1
账填,1
账发,1
范肖肖,1
斗姆宫,1
附件(,1
九堡,1
小吉,1
交款,1
店老板,1
两便,1
冒领,1
冯雪岩,1
9840,1
廖喝,1
orz,1
撒娇,1
申报,1
其拉,1
经历,1
最才,1
老是,1
三河,1
多余,1
其想报,1
刘钊,1
汤余敏,1
李海查,1
凌落,1
和畅,1
中校,1
买入,1
郑州商品交易所,1
李士法,1
于此,1
南园,1
阶梯,1
虫虫,1
亲哥哥,1
崔,1
到商,1
姜滨,1
一区,1
仕铭,1
少量,1
远达,1
吸铁石,1
让代,1
酷狗,1
蓬朗,1
冰城,1
忆,1
鳕,1
德威,1
前几次,1
滚下来,1
来凌水,1
好几,1
郭冬林,1
孙治斌,1
众多,1
毛柱,1
五张,1
自查,1
点菜,1
2623,1
普通舱,1
宿松县,1
复兴,1
安置,1
包商,1
1320,1
穆太力,1
普来,1
麦麦,1
完会,1
15745,1
订桌,1
接连,1
抚顺,1
脏脏,1
美少,1
三十岁,1
船舶,1
1399,1
491,1
转达,1
46440,1
无微博,1
货代,1
稿,1
tk,1
益汁,1
随先,1
记本,1
27836,1
壹品,1
新客,1
向报,1
唐官屯,1
镇宝利,1
77766,1
buaa,1
电院,1
称遭,1
产业园,1
3116,1
Aw,1
张忠,1
惊世骇俗,1
银微信,1
382,1
3498,1
苏春银,1
预算,1
农夫山泉,1
一百个,1
候起个,1
众诚,1
以家,1
管业,1
处订,1
思源,1
续要,1
红红,1
连塘组,1
连线,1
此类,1
几秒钟,1
京东方,1
下划,1
横线,1
区红石,1
监测,1
博有,1
包房,1
金城,1
98600,1
现用,1
Vwsnk,1
民意,1
几位,1
）水门,1
理想,1
姑妈,1
7021,1
熟鑫,1
洽格,1
经与祁队,1
真诚,1
裕民,1
岁数,1
沙尔沁镇,1
悦悦,1
daisy,1
掉线,1
瀛州,1
代理员,1
经线,1
270,1
封停,1
4130,1
账之其,1
招待所,1
呈现,1
家属院,1
早睡,1
微信称,1
陈是,1
然才,1
王修德,1
十八万,1
获鹿,1
物理化学,1
网银想,1
其共给,1
查问,1
邯郸,1
辛集市,1
西兴,1
续该,1
找回，,1
翔图,1
4161,1
乐一,1
Leo,1
咸不丁,1
4323,1
1750,1
加订,1
份星,1
两周,1
通称,1
不多,1
就现,1
让子,1
悠悠,1
申芳玉,1
4519,1
已留,1
翔,1
需在,1
作废,1
随要,1
称抖音,1
香蜜湖,1
图纸,1
王净们,1
王净查,1
王净怕,1
采购商,1
艾鸿思,1
勉县,1
商称,1
zz,1
蹃,1
網,1
共六笔,1
3079.49,1
点券,1
6872,1
1218.95,1
11170.44,1
高塍,1
派出所-,1
李刚,1
百货店,1
恒信,1
栖迟,1
猛男,1
绝对,1
姐叫,1
PPT,1
恳求,1
发送到,1
上限,1
帅兔,1
女王,1
挺举,1
Slip,1
NEKO,1
文艺复兴,1
纪念卡,1
谢君,1
确有此事,1
。报在,1
无误，,1
送医,1
熊智卓,1
运动,1
运动用品,1
28.5,1
响水,1
随已,1
私下,1
丹阳市,1
扣下,1
转院,1
转转,1
院费,1
维权,1
将别,1
河阳,1
奎,1
苍南县,1
现帮,1
大雨,1
帅,1
并明,1
洪亮,1
倍,1
初级,1
照金吉源,1
疑点,1
广告费,1
假扮,1
2440,1
3540,1
子及,1
回不来,1
最快,1
老虎,1
两只,1
21698,1
上弹,1
洋芋,1
二硕,1
N95,1
51000,1
博号,1
28659,1
大红包,1
46780,1
36262,1
40357,1
16.3,1
石工,1
辅导课,1
团伙,1
小平,1
接颜童,1
忠师,1
加量,1
订过,1
加加,1
蒯家权,1
柯岩,1
称其住,1
查获,1
WHAT,1
至到,1
于存,1
观珠,1
科学院,1
E300B,1
西东,1
莲山,1
儿子身份,1
迪迈,1
亚裔,1
49600.00,1
海沃斯,1
铸造,1
风调雨顺,1
祐,1
百合,1
出要,1
预备,1
前提,1
印花税,1
工本费,1
松江,1
望谟,1
暧昧,1
36000.00,1
丁原,1
借方,1
小豪,1
美凤,1
泰兴,1
12300,1
马到成功,1
佳鸿,1
山星城,1
Ar,1
弱侧,1
帐以,1
统一安排,1
37673,1
姑婆,1
值机,1
小黄,1
某君,1
经给,1
涧,1
让你在,1
28999,1
向同,1
到面,1
点至,1
亲姨家,1
絢彩雜,1
毛,1
遣返回国,1
备份,1
敏感,1
其老,1
候将,1
帮手,1
表镶,1
钻,1
点抖音,1
轩哥,1
29900,1
弹出,1
猫屋,1
敷桃世,1
梦里,1
PAx,1
偷亲,1
1401,1
四班,1
因方,1
振华,1
那先,1
暂停,1
名单,1
受数,1
14962.5,1
42600，,1
处向,1
帝仕,1
）“,1
升级成,1
走个,1
一都,1
互荐,1
待取,1
公积金,1
推过去,1
新来,1
n-,1
胡近,1
口村,1
435,1
英伦,1
公馆,1
实习生,1
编码,1
转先,1
有会,1
内未,1
生命安全,1
追问,1
xxy,1
：？,1
寻之阳来,1
黄贵勇,1
上然,1
先称,1
桦,1
闲能,1
李可怿,1
1304,1
张涛,1
42400,1
j,1
43400,1
站上,1
代石晶,1
11.28,1
其冲,1
榜,1
软甲,1
现没,1
打榜刷,1
500019000,1
其别,1
139,1
号代傲,1
层,1
乡家,1
2.31,1
6795,1
我爸,1
拳拳,1
讲座,1
网银汇,1
八十七,1
警务室,1
87,1
刑案,1
虎丘区,1
湲,1
6487,1
四科,1
上够,1
作用,1
我家,1
韩占社,1
送点,1
需其收,1
无界,1
室里,1
0394,1
ZRY,1
较差,1
6230,1
1677,1
7158,1
6222,1
16705,1
锦鲤,1
二刺,1
螈,1
猎,1
快到,1
之段,1
付下,1
喔,1
创意,1
SS,1
风景,1
汉魄,1
唐魂,1
估计,1
郑传南,1
小源子,1
赵刘才,1
0715,1
司,1
患,1
其然,1
安民,1
肇东,1
51200-,1
武备,1
恩恩,1
钦州,1
故微博,1
457,1
复合,1
法事,1
效果,1
18590,1
盛,1
杂用品,1
往返机票,1
成交,1
23200,1
金为,1
@，,1
辞,1
开玩笑,1
小姑娘,1
白衬衫,1
做法,1
风水,1
查找,1
乐小渝,1
间接,1
取款机,1
称卡,1
张总打,1
刑,1
轻,1
情形,1
报社,1
闲置,1
两件,1
上卖,1
挂上去,1
小蜜,1
在工,1
cccl,1
文化课,1
内会,1
之点,1
店冲,1
转错,1
FHD,1
桃儿,1
摩托,1
群之扫,1
2088,1
加他,1
彭聪,1
吴宏鑫,1
西城区,1
西便门,1
东里,1
803,1
葡萄牙,1
宣,1
胡彬,1
跟明,1
为托,1
盛丰,1
5000至,1
京淮溪,1
1405,1
热水器,1
微信响,1
XHJ,1
查象意,1
诈-,1
邴主兰,1
陪护,1
并同,1
Vivls,1
泽仁,1
洛布,1
商品编号,1
过节,1
仿造,1
临汾,1
方方,1
点滴,1
舌头,1
称暂,1
讯息,1
何因,1
断想思,1
谷亮,1
改个,1
名好,1
叛逆,1
考上,1
充当,1
中系,1
胡洪超,1
张行辉,1
打核,1
之流,1
称花,1
卫浴,1
任勇,1
10000接向,1
称其用,1
20200,1
系网,1
快没了,1
交不上,1
之过,1
所，,1
然找,1
感动,1
）经查,1
王小宁,1
盾,1
注册10,1
5512,1
核心,1
议事,1
公事,1
U,1
带要,1
18627,1
叫交,1
过防,1
火眼,1
云警,1
团地,1
2304,1
两让,1
5220,1
凯进,1
名师,1
称古举,1
随古举,1
遂现,1
BTOK,1
张金成,1
久遇,1
13300,1
换取,1
:兰陵,1
之向本,1
，左右,1
兴工,1
甘肃,1
卡号打称,1
回报,1
老百姓,1
赃款,1
叙旧,1
酒业,1
66600,1
转才行,1
村长,1
查没到,1
答,1
夜空,1
周能,1
诈微博,1
接已,1
弄错,1
浮生,1
皆,1
恍如,1
一梦,1
零付,1
贺中于,1
彩页,1
柏仕雄,1
副食,1
逃兵,1
丸子,1
裘,1
六门,1
王岫璞,1
赣州,1
鼠草,1
网格,1
住宅区,1
额尔古纳市,1
吉斌,1
熟用,1
有机,1
中国区,1
GTM,1
289,1
斯桐,1
随至,1
称其来,1
随州市,1
相思,1
红豆,1
潘,1
由代其,1
然就点,1
银换,1
城关区,1
雁兴路,1
嘉园,1
生如梦,1
该张,1
口是心非,1
选单,1
桂林市,1
三陪,1
润升,1
那称,1
s我,1
以替,1
2122,1
派对,1
赎,1
一高,1
万才够,1
第三张,1
先进,1
价值，,1
慌称,1
57500,1
宁静致远,1
电池厂,1
层面,1
128,1
旁其,1
茂源,1
顺庆区,1
看称,1
彭彭子,1
方信,1
为子,1
杨玉君发,1
家脑,1
淤血,1
支取,1
周勇勇,1
imei1,1
imei2,1
阜平,1
甜食,1
银到,1
南岭,1
永宏波,1
我儿,1
港城,1
付效,1
1001,1
冲入,1
因找,1
市场营销,1
金晶用,1
4250,1
破坏,1
错个,1
五门,1
：及,1
天宁区,1
大商,1
阜平县,1
赤子,1
须,1
噗,1
31244,1
88824,1
大亦大,1
讨价还价,1
无异于,1
十几万,1
发行,1
太重,1
详单,1
军营,1
路面,1
高级中学,1
凤山,1
扫秒,1
截,1
其三,1
0516,1
舅,1
由加,1
事到,1
雅宝路,1
不负,1
韶华,1
3.9,1
有件,1
泰胜,1
风能,1
车间,1
随微信,1
台湾,1
机从,1
马桂芳,1
姑姑家,1
丰神俊,1
信教,1
米奇,1
内取,1
财别,1
卡子,1
无微信,1
洪塘,1
体检,1
明显,1
三号,1
S1,1
随假,1
应聘者,1
30480,1
Eve,1
Ralna,1
华侨,1
美籍,1
追责,1
玉州区,1
97500,1
万私,1
刘杰,1
莘光,1
团餐,1
玉林市,1
民主,1
，*,1
天湖,1
御林湾,1
华盛,1
两明,1
李小,1
吉仕晶,1
鱼鱼,1
cn,1
二十一,1
因涉,1
李金,1
管叫,1
2999.96,1
1999.84,1
有利,1
兑冲费,1
昌里,1
朱世坤,1
331,1
一楼,1
火腿,1
款别,1
黑牛,1
城道,1
金钟,1
奵,1
de,1
交晚,1
五十一,1
套出来,1
四给,1
臭屁,1
叶钢,1
534,1
kant,1
召,1
假账,1
借取,1
。26,1
蒙城,1
小桥,1
一行,1
手戳,1
9999.92,1
手要,1
80300-,1
墨兰,1
八五,1
其母,1
和静县,1
永清,1
至卡上,1
洗车,1
李甲,1
安永,1
贾寨,1
茌平,1
天生一对,1
早教,1
杨帅,1
.*,1
岭东,1
卓金强,1
多扣,1
鸡东县,1
登陆密码,1
进发,1
碰,1
金风,1
绑现,1
材料，,1
317,1
室临,1
开学,1
没见,1
过此,1
辅导员,1
治所,1
刘文杰,1
笔转出,1
政法,1
缦,1
黄总,1
起疑心,1
然当,1
静默,1
关门,1
0415,1
大学教授,1
乐清,1
选择性,1
求助-,1
利州,1
Api,1
v,1
多交,1
光科,1
名士,1
99%,1
公安系统,1
运行,1
踢出去,1
金金,1
八组,1
城镇,1
穿城,1
雷营金,1
称今,1
田林,1
逃避,1
依曼,1
四位,1
诺依曼,1
苏菱,1
返款-,1
6275,1
弋矶,1
邵,1
私房,1
中微信,1
p,1
章子,1
往用,1
之诈,1
大成,1
然就拉进,1
迟,1
冬天,1
雪,1
短期,1
个个,1
亿康,1
联盟,1
村委,1
饱过,1
之柳文寒,1
张打,1
两微信,1
中基礼域,1
中基,1
房地产,1
南开大学,1
急款,1
张问,1
西下塘,1
7800-,1
跟屁虫,1
拼图,1
柳文寒报,1
研修,1
往柳文寒,1
交流中心,1
问同,1
融合,1
碰头,1
娃哈哈,1
恒枫,1
其小,1
阿彪,1
42820,1
约次,1
如约,1
整号,1
因其带,1
合成纤维,1
LOVE,1
6980,1
马颈坳镇,1
万去,1
新街,1
朝柴,1
突进,1
俊杰,1
经典,1
付英健,1
受益,1
皇帝,1
学界,1
为汉景,1
65500,1
原定,1
万打,1
百草,1
孙所,1
屈楚,1
97400,1
局接,1
吴在,1
吴先,1
wjy,1
转正,1
信众,1
一项,1
熊小忠先,1
城东,1
其苏,1
复苏,1
多过,1
诚,1
开封市,1
行宫,1
角,1
心造,1
中关村,1
软件园,1
熊小忠,1
jun,1
系之子,1
美信,1
已登入,1
0078,1
纳税,1
包扫码,1
5498,1
融汇,1
之蒙,1
慢,1
这条,1
4760,1
孙阳,1
脸红,1
番茄,1
竹竹菌,1
mjmap,1
境由,1
微信享,1
其他，,1
编个,1
肇事,1
张营,1
郝万,1
空港,1
经济区,1
百恩,1
青崖,1
无机盐,1
W2,1
316,1
称刚,1
然报,1
吴将,1
借赖,1
诚创,1
55500,1
0999,1
其他费用,1
北桥,1
幸运星,1
】报在,1
ts,1
菲菲,1
千万,1
聊城,1
任何-,1
义和路,1
率,1
制药厂,1
二叶,1
cMIOC,1
没选实,1
胳膊,1
心世,1
割破,1
混乱,1
中立,1
维多,1
32460,1
水泡,1
高智,1
22460,1
座位号,1
拖运,1
21836,1
蓝俊武,1
47460,1
47460-,1
无误,1
8601,1
联想,1
偷偷摸摸,1
有名,1
租赁费,1
挺贵,1
博博,1
就学,1
号加,1
定单,1
二话,1
不学,1
凑不上,1
经出,1
天地,1
Adele,1
神华,1
95588,1
专给,1
仁和,1
4am,1
69280,1
智鑫,1
王富,1
AT06J,1
警于,1
张杨称,1
往昌沐展,1
范县,1
建业,1
中兴通讯,1
广晋,1
Wxid,1
1109,1
其上,1
固无,1
HR,1
外语外贸,1
敖龙,1
王辉锋,1
锴,1
理会,1
曹先玲,1
TYTY,1
zzz,1
4499.97,1
之经,1
18332,1
吃点,1
需赔,1
植奇发,1
）老,1
去蠡,1
蠡,1
视察工作,1
随们,1
吹风机,1
郭博,1
万付,1
未登陆,1
肢体冲突,1
方私,1
靖海,1
黄伟诚,1
三通,1
65200,1
往此,1
W,1
追梦,1
已报,1
姜云昊,1
退其,1
传达,1
就通,1
低调,1
井良义,1
融安,1
jjmmm,1
通县,1
龙山,1
佩戴,1
口罩,1
公司总裁,1
连兴,1
简称,1
王牌,1
革勒车,1
加革勒车,1
镇林站,1
上聊,1
以下,1
】报,1
kk,1
星空,1
李金忠,1
学者,1
黄翔,1
一瓶,1
460,1
金属制品,1
称半小,1
新天,1
688,1
旅行,1
48390,1
先留,1
旭,1
微荣儿,1
机处,1
称同,1
零通,1
10000-,1
理疗,1
专家,1
）2022.09,1
9.25,1
苏运启,1
然就来,1
实价,1
称有延,1
潘海荣,1
雨过天晴,1
坞,1
二周,1
宴席,1
青花,1
汾酒,1
中交,1
工程建设,1
江奇龙,1
豪车,1
守望,1
road,1
未其,1
见机行事,1
7406，,1
信欧,1
群在,1
因谈,1
农信卡,1
生气,1
去往,1
散心,1
旅游费,1
以证,1
期将会,1
网络工具,1
还余,1
89.5,1
my,1
几单,1
刘密,1
小柳,1
李小英称,1
微信工,1
团队,1
找寻,1
高中生,1
社保局,1
改了,1
合为,1
船用,1
。临平,1
边上,1
lili,1
te,1
曲奇,1
才子,1
行贿,1
李加,1
输过,1
败,1
不曾,1
151,1
吴丰,1
隗诗怡,1
某种,1
出过,1
文学,1
艺术界,1
联合会,1
22300-,1
其不愿,1
多话,1
兴国,1
森天,1
47000-,1
周而复始,1
金新,1
本田,1
故其想,1
接手,1
"”,",1
牧,1
。称其于,1
一伴,1
民约路,1
割,1
大动脉,1
迷惑,1
25599,1
三院,1
楞,1
可可,1
租金,1
诱下,1
因群,1
3698,1
海鲜,1
选用,1
心意,1
宝华,1
湾,1
斜井,1
四级,1
37500,1
笔因,1
罗秀路,1
租借,1
冷兴财,1
娘舅,1
497.72,1
王爱荣,1
6500.00,1
钢铁,1
总院,1
华东,1
院,1
华腾,1
吴宁,1
内所留,1
镇魏,1
第十四,1
温泉,1
逸墅,1
amber,1
特,1
张生,1
能支,1
酒酒行,1
王解桥,1
通辽,1
真的假,1
卖酒,1
价是,1
客订,1
把酒,1
镇北,1
酒定,1
送来,1
然韩,1
了-,1
购置,1
NN,1
建昌县,1
另算,1
台小,1
2898,1
科士达,1
跟订,1
期去,1
候货,1
扎鲁特旗,1
公路局,1
鲁,1
700.00,1
北镇,1
正对面,1
开禾口,1
包子,1
没桌,1
菜,1
划伤,1
正仪,1
桥东,1
盖州市,1
三河市,1
哲,1
新窗口,1
两名,1
8999,1
栏为,1
995,1
隧来,1
通畅,1
27962,1
未见,1
辽东,1
58425,1
10598,1
陈宇,1
没结,1
增邦,1
信账,1
博乐市,1
电瓶,1
四十万,1
并告,1
叫叶,1
叶总打,1
6.9,1
丁卯,1
转微,1
情称,1
树叶,1
怀孕,1
明借实,1
450,1
650,1
卍,1
发消,1
没汇,1
该项,1
林场,1
网买,1
没找,1
连不上,1
懒洋洋,1
星号,1
祥,1
董兴江,1
王佐镇,1
各庄,1
大族,1
使用权,1
静勿浮,1
他拉到,1
双宁,1
以能,1
发句,1
1603,1
一外,1
3318,1
普正晨,1
登机牌,1
安远,1
777,1
一钉,1
结村,1
点赞,1
单返,1
蜂,1
享家,1
做刷,1
笔别,1
乔家,1
张二毛,1
来合隆,1
天子,1
60100,1
垫支,1
林轶,1
星回,1
节陆,1
漆龙,1
一号,1
中林,1
废物,1
点心,1
上留,1
并交,1
花请,1
建平县,1
张总向,1
林总谈,1
称六小,1
张哥,1
称起,1
阜新,1
WIFI,1
足够,1
该成,1
薛小爷,1
之二,1
系白洁,1
家常话,1
缺暂,1
聚顺,1
抽空去,1
然便,1
接白洁,1
金旭,1
实地,1
余姚市,1
丹青,1
家上,1
"""至",1
白族,1
王国,1
璐,1
将乐县,1
学园,1
由共取,1
模仿,1
蜜蜜,1
Miss,1
为合隆,1
巡视,1
推辞,1
yx,1
黄家,1
肆万,1
完有,1
￥,1
.居民,1
村杰立,1
王潇,1
沙峪,1
刚通,1
欠债,1
埠,1
要挟,1
负债,1
然推,1
漏嘴,1
康复,1
夫微信,1
8100.00,1
9796.72,1
刘馨,1
永丰,1
冉冉,1
？，,1
中医院,1
发抖,1
72200,1
如实,1
020,1
男以,1
二百,1
抢走了,1
男挂,1
吴云卓其,1
呉,1
卓,1
黄加,1
试着,1
二者,1
半信半疑,1
戴桂添,1
避风港,1
零落,1
明白,1
本身,1
bibi,1
YYZ,1
大林,1
区别,1
四哥,1
没为,1
施小红于,1
内不付,1
复刻,1
二者之间,1
黄与,1
黄称,1
黄因,1
首南,1
买米,1
买面,1
回馈,1
双倍,1
懒财网,1
现都翠玲,1
必要,1
十九万,1
被动,1
勇敢,1
麺,1
具,1
住宿,1
九亭,1
广饶,1
办件,1
待次,1
联系实际,1
科技咨询,1
钟其,1
现绥,1
感恩,1
杺,1
未辨,1
霖,1
因未,1
贫困,1
王为,1
王微信,1
王在,1
不予理睬,1
除去,1
计算错误,1
流微信,1
区长,1
贾来,1
拜,1
记录下来,1
拼车,1
唐先森,1
琐死,1
乌审旗,1
贾是,1
打不开,1
淮河,1
泊,1
这当,1
网坏,1
卫星网络,1
子快,1
其家来,1
撞成,1
两微博,1
中倒,1
妮子,1
豆儿,1
李佑喜,1
绵,1
党支部,1
步云山,1
打去,1
候撞,1
金茂,1
取现,1
朐,1
：（,1
王虎城,1
至电,1
手号,1
23580,1
不宜,1
伊利诺伊,1
和理,1
码付,1
因个,1
18645,1
了（,1
伊利诺伊州,1
校友,1
凤蓉,1
无缺,1
pizza,1
共取,1
1765.05,1
现其到,1
。简要,1
糖糖,1
爱惜,1
21580,1
12.4,1
桂前,1
呼呼,1
玩网,1
苏温林,1
初见,1
二大,1
微士顿,1
缺肉,1
永不,1
散场,1
肉,1
礼,1
26630,1
30280,1
送达,1
大洼,1
4800.00,1
新兴,1
新酱,1
备忘录,1
翁柳柳照,1
汇总,1
女魔头,1
芙蓉区,1
一边,1
）青龙,1
辽沈,1
卡莱,1
弗,1
余-,1
一到,1
放在,1
party,1
柳柳加,1
粉色,1
大灰狼,1
现本,1
1806,1
陈用,1
呦,1
清峪路,1
368,1
经吴,1
所里,1
本狼,1
南巷,1
杏,1
随就教,1
小金,1
大叔,1
187,1
卢子,1
欧巴,1
当场,1
亲亲,1
女号现,1
标点符号,1
讲出,1
Chloe,1
yzz,1
此微,1
注册号,1
4453,1
航行,1
冷藏车,1
4.2,1
称非,1
2215,1
19600.00,1
补课班,1
2453,1
打碎,1
石家庄,1
家问,1
所民,1
吵起来,1
gogo,1
世代,1
49.5,1
泽顺,1
能花,1
缴交,1
加微博,1
@报称,1
保山市,1
隆阳区,1
方向,1
然一,1
小伙子,1
张涛涛,1
景县,1
便报,1
款轨,1
19800150,1
储存,1
打消,1
疑虑,1
悦营,1
佳苑,1
689.9,1
视察,1
社渚镇,1
及花,1
16.09,1
16.29,1
628,1
龙南,1
4000017.11,1
结构化,1
成六笔,1
团委,1
白暮满杯,1
局老站,1
故换,1
.左右,1
东昌区,1
浜,1
黄泽,1
拉进去,1
爽快,1
通化市,1
906,1
夏泰,1
4000016.53,1
18.10,1
一把,1
》，,1
家庭主妇,1
仁来,1
期待,1
摊位费,1
户政,1
型,1
浙江籍,1
没当回事,1
钢材市场,1
包买,1
中国建设银行-,1
2023,1
现实情况,1
随想,1
杨稳,1
寄宿,1
16.35,1
22.18,1
16.54,1
19.06,1
19.52,1
20.07,1
21.56,1
22.02,1
因其称,1
坚强,1
农安,1
合隆镇,1
华博符,1
吴山小微,1
子要,1
办证费,1
诺千森,1
回退,1
合作伙伴,1
"，,",1
阿富汗,1
维和部队,1
嘉禾,1
军装,1
维和,1
虹桥镇,1
快递费,1
Rosy,1
换现,1
A01,1
特价,1
花千语,1
@左右,1
二类,1
公检法,1
陌佰号,1
工薪,1
586,1
贷网,1
新北区,1
。39,1
4192,1
木子,1
。你,1
扫进来,1
朱万成,1
来收,1
市政府,1
资格,1
金川,1
民房,1
浩鸿,1
pos,1
以和别,1
资伟平,1
卡二,1
布依族,1
美称,1
明道,1
pages,1
美向,1
卡一,1
卡三,1
存欣,1
一整天,1
卡四,1
转才,1
云雀,1
429,1
秋天,1
向任,1
3499.72,1
5099,1
导弹,1
第四季度,1
双舟,1
蔡丁末,1
采购部,1
叉车,1
昌得,1
追,1
东晓所,1
鹤小祎,1
藕,1
蜗牛,1
骑着,1
刘转称,1
被汇,1
团贷,1
调查核实,1
上用,1
服装服饰,1
李桂英称,1
大红门,1
集美,1
家具,1
城内,1
李桂英于,1
寰,1
过医,1
配线箱,1
到国,1
错事,1
喝醉酒,1
电信局,1
0591,1
倒账,1
选成延,1
其取,1
棉织品,1
付青,1
无转,1
耿家怿,1
44700,1
卖菜,1
史,1
莎娜,1
一假,1
装泰,1
闫,1
忠民,1
棉厂,1
仰光,1
家泰,1
留血,1
逐被,1
1022,1
群中称,1
覃宽,1
演员,1
延彩,1
生态农业,1
九万,1
黄红卫,1
净,1
铂金,1
称内,1
天一,1
家族,1
蒙向,1
木已成舟,1
发表,1
局福春,1
淘心购,1
广华,1
去取,1
四弟,1
恒泽,1
复合材料,1
饱满,1
辉山,1
乳业,1
三十万,1
交齐,1
英杰,1
助教,1
晋江市,1
龙湖,1
镇前,1
闽南,1
Aa,1
雅丽,1
需隔,1
转急,1
再三,1
灵别,1
郭振建,1
微信区,1
洪德谷,1
花齐,1
福臻,1
宾,1
26780,1
）系,1
网要,1
4886.98,1
复制,1
退税,1
所收,1
同张,1
额,1
然微,1
邓向,1
原原,1
飞行,1
民用航空,1
银行家,1
：,1
笔在,1
。朝阳,1
徐小凤,1
互相帮助,1
司法员,1
伤害,1
50800,1
需扣费,1
先退,1
其选,1
办升舱,1
我升,1
炮台,1
删错,1
。华师大,1
拟先,1
马震到,1
王桂凤本,1
宋鑫,1
余下,1
经王桂凤,1
王福春,1
握拳,1
蒋家,1
桥秀,1
笔斯壮,1
内蒙古自治区,1
送餐,1
印务,1
___,1
他出,1
不退,1
刘苗,1
62560,1
7700,1
朗动,1
奶油,1
单价,1
黄河,1
李金明,1
笔记本电脑,1
汉堡,1
闹翻,1
隔天,1
前去,1
；出警,1
因用,1
13180,1
石守刚,1
0.0,1
38998,1
亚马孙,1
干扰,1
5180,1
王强,1
。大姨,1
当大,1
笑,1
背影,1
是-,1
成绩优秀,1
强,1
内曼,1
搞不懂,1
不摆烂,1
联发,1
1033,1
Mlle,1
捷希新,1
授意,1
莱商,1
东港,1
王集,1
六百,1
何有,1
小韦,1
奶酥,1
车厘子,1
16399,1
yue,1
丽娜,1
付力,1
4846,1
44500,1
鱼头,1
营销,1
可转,1
太想,1
辨,1
借向,1
肖阳富,1
最其,1
张建鹏,1
完向,1
澈,1
柢,1
奇迹,1
出院,1
909,1
跟平,1
用该,1
胡飞,1
王必嫦,1
范静楠,1
特邀,1
33400,1
风神,1
选购,1
上购,1
投了,1
小姑,1
服装店,1
候交过,1
奔驰公司,1
一万两千,1
履缤礼,1
为村,1
北京物资学院,1
确为,1
多虑,1
春花,1
尹国生,1
毕业生,1
网安,1
秀朗,1
离职,1
老保,1
迅联,1
周巷,1
事向,1
张浦镇,1
柠檬草,1
20000收到,1
主题,1
没来安,1
八点,1
顺利完成,1
转换,1
安过,1
四条,1
打借,1
两在,1
中谈,1
然梅姐,1
10700,1
房贷,1
他算,1
燕山大学,1
其行,1
就读,1
完挂,1
电脑网,1
带领,1
银行-,1
续费,1
59550,1
以谈成,1
9750,1
续约,1
伟向,1
浮生若梦,1
伟要,1
本源,1
五万余,1
伟就,1
伟给,1
三成,1
马建炜,1
5000.84,1
石桥,1
漫游费,1
过诈,1
郑文,1
张浦,1
传出去,1
惹祸,1
网店,1
老存,1
chel,1
宽甸县,1
3955,1
73400,1
：来,1
国声,1
琴行,1
融创店,1
Qi,1
市内,1
彝族,1
钢圈,1
加油,1
镇九棵,1
树,1
1049,1
访问,1
最棒,1
.我,1
4220,1
葱花,1
质问,1
7999.56,1
1999.82,1
聊妥,1
666，,1
之其用,1
蛋炒饭,1
王贵,1
1.4,1
涵田,1
主角,1
朝阳区,1
修正,1
一冒,1
斯达舒,1
总部,1
9910,1
以马内利,1
19910,1
。】,1
售房,1
挂户,1
ss,1
其垫,1
打微信,1
他来,1
处用,1
极,1
9.88,1
凭单,1
360,1
明是,1
星礼卡,1
9307.88,1
低等,1
防治,1
按钮,1
78800,1
北环,1
颖,1
囤,1
正课,1
基金会,1
红十字,1
亲笔签名,1
物白鹿,1
反炸,1
房屋内,1
石炜博,1
核销,1
西市,1
横幅,1
连盘,1
我额,1
推介,1
吃回扣,1
江峰,1
产,1
白蚁,1
先把款,1
称其托,1
超勇,1
100001,1
费劲,1
名真,1
中航,1
起个,1
朝外,1
微小,1
牵挂,1
多条,1
防备,1
侦查，,1
毫无,1
镇云新,1
详谈,1
资,1
LikY,1
10.2,1
杨路,1
到访,1
无，,1
不辜,1
当兵,1
交让,1
财经学院,1
。冒充,1
农大,1
：于,1
大地,1
中岩,1
其享,1
翻阅,1
5982,1
完善,1
澄,1
262,1
以其本,1
昊,1
。沈河局,1
朵朵,1
琐事,1
因接,1
前途,1
华苑,1
压实,1
25336,1
格,1
照办,1
个付,1
宝马,1
服装学院,1
墨白,1
粉易,1
相近,1
借垫,1
迎泽,1
史即,1
丈在,1
内该,1
栋栋,1
张武,1
伟世通,1
TALK,1
线路板,1
别盗,1
社长,1
开房,1
易信,1
）报在,1
称之有,1
常山县,1
军以,1
招贤,1
尹,1
MUP,1
请托,1
方毕通,1
达尔,1
丛密,1
AMVP,1
1108,1
亲戚家,1
厅,1
。徐,1
病友,1
博为,1
黄燕,1
金石滩,1
退成,1
经续,1
转不进,1
视颐,1
平平淡淡,1
巽,1
机床,1
小尹,1
称住,1
至诈,1
LED,1
通发,1
孤傲,1
猴,1
狼,1
车群里,1
美惠,1
科教园,1
大连经济技术开发区,1
".,",1
徐杨称,1
检了,1
利用微,1
694,1
瓯海,1
江淮,1
3620,1
龙州县,1
298,1
上收,1
6540,1
2340,1
去向不明,1
非洲,1
纵情,1
天涯,1
97,1
芬,1
锋达,1
树发,1
先拿点,1
扬州市,1
误选成,1
邗江区,1
56800,1
豆生,1
甘泉,1
花庄,1
组伟东,1
传送,1
6800.00,1
杨借,1
管徐,1
文具,1
兰,1
赵红德,1
故意,1
3303,1
唐树莲,1
罗国润,1
汇丰,1
好久不见,1
出其,1
地名,1
迎春,1
工商所,1
平米,1
你好,1
动车,1
赌球,1
市玉海,1
736,1
中介费,1
事务,1
欲同,1
孟津县,1
协力,1
广西南宁,1
成泰,1
孟津,1
小范,1
临西县,1
地面,1
机转,1
海宏,1
太阳能,1
高管,1
租,1
华阳,1
万松,1
联了,1
杨金,1
黄远富,1
武镇林,1
翟飞成,1
孟晓晨,1
海勃湾区,1
执法局,1
情绪,1
安抚,1
898,1
此同,1
上海站,1
局对,1
过问,1
豫园,1
呼市,1
此警情,1
康路,1
以定,1
然想,1
白石桥,1
迪伊,1
艾特称,1
焦,1
建军,1
UM,1
总工会,1
善群,1
石亚星,1
多出,1
裙子,1
GG,1
离离,1
浦一,1
金刊,1
护工,1
袁龙,1
、（,1
船建,1
骨折,1
25199,1
、左右,1
酒吧,1
长辛店,1
无形,1
大面积,1
新东方,1
BXG,1
把款,1
自制,1
柒,1
寡,1
膀子,1
Soon-,1
默寫,1
周艳华,1
道歉,1
宋金燕,1
自由,1
驱逐出境,1
QQPYY,1
还交,1
为啥,1
压伤,1
托,1
例行,1
返给,1
：今天下午,1
。07,1
现把,1
中医药大学,1
拱辰,1
双江,1
买点,1
然会,1
付个款,1
黄菊,1
他查,1
汪汪,1
前帮,1
无明,1
串码,1
移步,1
办退,1
小洁洁,1
是非,1
商铺,1
铁柱,1
Mi10S,1
七天,1
冩,1
黄纪,1
挚,1
研默爱,1
@(,1
微凉,1
钟应伟,1
到义,1
为云,1
先定,1
孙佳蓉,1
故才,1
晚一点,1
。19,1
于用,1
千转,1
刘正军,1
诈局前,1
无群,1
案发地点,1
峰吟,1
浮游,1
世俗,1
满族,1
知不知道,1
87388,1
可怜,1
浅笑,1
假借名义-,1
右玉县,1
然和要,1
远亲,1
丽丽,1
。12,1
心柔,1
以升,1
siFF,1
合同规定,1
白丽莉代,1
。淀山湖,1
0119,1
4817,1
淀山湖,1
镇明平,1
七个,1
chow,1
李乐,1
两钟,1
只管,1
1043,1
足球明星,1
LiLy,1
螺,1
卡持卡,1
识破,1
搭线,1
包留,1
微信且,1
萨家湾,1
76500,1
鹿宝,1
小爱,1
肥肥,1
包了,1
rolf,1
故打,1
49800-,1
顺其自然,1
随遂,1
随失联,1
买得起,1
能查,1
杨荣玲,1
车票,1
。00,1
wid,1
46100,1
运到,1
3201,1
贵重,1
借称,1
yeahh,1
墨兮,1
夜光,1
沐川,1
沐溪,1
20002,1
石蕊,1
好要,1
信及,1
恢复正常,1
44765,1
发称,1
5290,1
八百,1
未确定,1
正文,1
任广辉,1
课让,1
金融管理,1
1294,1
Milky,1
纳尔小平,1
愚园,1
傲骨,1
庭军,1
全家福,1
交升舱,1
丽莉,1
票量,1
猛然,1
一词,1
支农,1
路天力,1
面包房,1
店长,1
打听,1
心存,1
现状,1
星湖,1
讲述,1
皮球,1
魔王,1
没细想,1
41360,1
柴露洋,1
何庄村,1
转行,1
交集,1
疫苗,1
14827,1
入资,1
发进,1
AS06,1
卡账,1
申申,1
露,1
155,1
六到,1
339,1
）白,1
对白,1
发一,1
当然,1
黔东,1
进其,1
给伟,1
期将,1
云岩区,1
故多通,1
多通,1
票价,1
UC,1
因车,1
放下,1
之为,1
名员,1
戒备,1
住院部,1
先不交,1
转户,1
国籍,1
打码量,1
中国新闻社,1
误导,1
万泉,1
88700,1
汇报工作,1
给阳云虎,1
款数,1
他教,1
李家,1
闪,1
2952,1
17714,1
35428,1
陈家,1
引流,1
然都,1
普布,1
怒江,1
养猫,1
正是,1
3663,1
华东师范大学,1
体育,1
值班室,1
340,1
照为,1
酋长,1
巫,1
两秒,1
57492,1
传奇,1
陶,1
五位,1
成林,1
天伦之乐,1
79200,1
院内,1
网警,1
品牌价值,1
0329,1
张陈,1
焦化厂,1
羊,1
然子,1
已出,1
眼科,1
开刀手术,1
好久没,1
要来家,1
大车,1
稍子,1
先垫,1
庆阳,1
商打,1
要货,1
李园园,1
商有,1
双层,1
铁架床,1
张勇,1
谷腾报,1
70400,1
刘建斌,1
哥们,1
找谷腾,1
然谷腾,1
谷腾拉黑,1
俗,1
大绥河,1
芝山,1
至张,1
凤城,1
大学城,1
联行,1
号鑫马,1
汇街,1
警区,1
未央区,1
九路,1
开封,1
镇牛,1
牛栏山,1
以票,1
陆家嘴,1
城市轨道,1
◆,1
特殊符号,1
蔚达洲,1
吴纯,1
出处,1
忙碌,1
明见,1
条码,1
新港,1
emmm,1
称其家,1
去处,1
未过,1
虞小明,1
姓于,1
大姨子,1
其通,1
里然,1
面未,1
运城市,1
因对房,1
■-,1
莱绅,1
碍于面子,1
号主,1
东和乡,1
龙溪村,1
通灵,1
６,1
８,1
三庆街,1
回收公司,1
银强,1
路口,1
4GR,1
其经,1
指使,1
一万块,1
赵家,1
36000，,1
张加传,1
其妹,1
送机,1
扛,1
几楼,1
___-,1
33870,1
广东发展银行,1
女警官,1
雳,1
霹,1
宇宙,1
吴二妮,1
熊传杰,1
97300,1
马孝勇,1
所持,1
湾里,1
ffl,1
309,1
以串,1
查是,1
接从,1
局长,1
白玉,1
因钉,1
孙智海于,1
签证费,1
6940,1
微信别,1
4101,1
2433,1
162,1
但用,1
金豪,1
4WB,1
小野,1
开了个,1
各类,1
新换,1
联网,1
还害,1
九江,1
徐鑫,1
臻,1
台才,1
跟校,1
不转,1
找上门,1
何秀梅,1
0133,1
零向,1
剪头发,1
MLXI,1
窝特,1
冷,1
melon,1
版小吴,1
散步,1
共整,1
习勤路,1
呈报,1
上半,1
资方,1
811,1
DR,1
小鱼儿,1
资助,1
五局,1
顾虑,1
黎明,1
。49,1
28597,1
河边,1
钓鱼,1
楠木,1
如灯,1
孙智海称,1
~接警,1
其向别,1
华罗庚,1
其订,1
Nov20,1
诱者,1
风清,1
ZovL,1
蒙自,1
建安,1
效,1
来觉,1
34715.68,1
代西局,1
法制,1
先代,1
待西局,1
先锋,1
课得,1
37050,1
蝙蝠,1
允,1
4199,1
郑敬,1
思,1
柳絮,1
销商,1
欺称,1
下调,1
前会,1
需付,1
闺蜜称,1
称升舱,1
打诈,1
熟知,1
机动车,1
山村,1
21450,1
亲诈,1
家政,1
农业银行-,1
新安,1
轿子,1
来铁东,1
龙磊,1
1699,1
zjy,1
5580,1
员来,1
氧化,1
漫长,1
化学反应,1
呐哈,1
QvQ,1
包兴,1
44596,1
升个,1
岑凤,1
华文,1
仅剩,1
王法,1
巨,1
临走,1
稽查员,1
听话,1
靖宇,1
称托,1
本诈案,1
风轻云淡,1
招生办,1
已录,1
未录,1
杨淮西,1
我以,1
出租房,1
圩,1
南王,1
9599,1
3199.85,1
才系,1
王海宗,1
青青,1
账到,1
称往,1
当地政府,1
席克华,1
176,1
受理-,1
细聊,1
其信,1
昊宇,1
本随,1
资质,1
码及,1
事有,1
满目,1
山河,1
一百件,1
区域经理,1
袋,1
偷,1
克,1
偏高,1
味儿,1
蒋,1
机主,1
阵子,1
叶财余,1
欧普,1
玉米,1
恩确,1
清真,1
遂昌,1
金进,1
来料加工,1
火腿肠,1
大米,1
出厂价,1
李亲,1
定州市,1
陈静,1
顾,1
钰儿,1
zxvn,1
邮政工作,1
点货,1
婶子,1
操控,1
在此期间,1
3275,1
山居,1
雅客,1
写梦为,1
平房,1
崔志超,1
随找,1
老表,1
风起,1
而动,1
落雪,1
倾城,1
博名,1
食用油,1
复旦大学,1
帮其交,1
考证,1
杨浦,1
局新,1
江湾,1
演习,1
凌水,1
盒,1
.接秦,1
430,1
熊明,1
赫,1
算盘,1
记账,1
吉汇,1
维修部,1
公司至,1
张顺洲,1
石狮,1
李勃,1
阿羊羊,1
唔,1
求职,1
陈付,1
台式,1
丹纳,1
栖霞区,1
军校,1
本且,1
钟志坚-,1
涌金,1
南昌市,1
红谷滩,1
诈方,1
事件处理,1
公对,1
）大,1
对聪易,1
八万多,1
6900-,1
及用,1
6886,1
应嘴,1
晶可鑫,1
刘锋,1
出厂价格,1
避嫌,1
9.9,1
一点半,1
采点,1
望都县,1
临县,1
世仕,1
户头,1
然扫,1
一帆风顺,1
赵海永,1
然金,1
称行,1
没何,1
之出,1
捐助,1
桑冬喜,1
下先,1
大丰,1
系戴,1
之外,1
民丰,1
Z312,1
2428,1
世乐,1
凑点,1
威信,1
吴童,1
445,1
点成,1
钟给,1
没多聊,1
。到,1
有效期,1
bena,1
www.1,1
利可达,1
鉴赏家,1
8801,1
续会,1
1990.01,1
聚合,1
物流园,1
期是,1
jjjjk,1
苟吉,1
萌萌,1
卡及,1
5860,1
33360,1
爆米花,1
花园路,1
陈先,1
解除限制,1
杨世强,1
12005,1
而果果,1
两百,1
银海,1
10158,1
徳文,1
压力,1
对百之,1
1847,1
百之十,1
称如,1
3782.38,1
索赔,1
尚未,1
7.77,1
面临,1
前到,1
每钟,1
一小,1
手部,1
空中,1
口语,1
教课,1
一节课,1
节,1
彭超,1
索没上,1
退掉,1
是夜,1
1968,1
π,1
310,1
田,1
145,1
明波,1
禁毒,1
偷拿,1
8099,1
内扫码,1
991,1
14007.7,1
加就加,1
专案,1
71160,1
面见,1
婚姻状况,1
发传单,1
看微,1
应用程序,1
上线,1
东主多杰,1
李小超,1
群里接,1
江镇,1
经济效益,1
学制,1
卓学,1
睿智,1
机构名称,1
众冷行,1
非法,1
3000.00,1
信息网络,1
上海浦东新区,1
卡通,1
五里店,1
育才路,1
旬邑县,1
6630.00,1
收件箱,1
）拨打,1
沙从富,1
ETC,1
因无,1
干什么,1
万用,1
近似,1
认作,1
22360,1
关天来,1
极力,1
此举,1
林晓婷,1
3630.00,1
乔羽,1
鹰,1
杨红涛,1
笔称,1
成主播,1
内存,1
28626,1
万山,1
取该,1
申,1
68351,1
有款,1
对用,1
手提包,1
叫发,1
6296,1
定制,1
里头,1
水果,1
享群,1
底回,1
钻探,1
高宝,1
金鼎,1
申倩,1
刘彩龙,1
唯一,1
写道,1
6217,1
4557,1
王相峰,1
相片,1
过笔,1
2A,1
美地,1
村集祥,1
东流,1
Sena,1
考验,1
河畔,1
然王帅,1
雄本,1
文政街,1
凉风,1
未眠,1
20500,1
雄上,1
施罗德,1
生活费,1
交银,1
获知,1
代签,1
王帅雄,1
提示音,1
萍水,1
曾少云,1
ARD,1
鸟,1
北京大学,1
滨海新区,1
系当,1
京,1
成寿寺,1
5034,1
+.,1
方村,1
事来,1
王埂村,1
刘永兵,1
王埂,1
3742,1
58400,1
罗红春,1
枝头,1
做饭,1
材料-,1
霸不愿,1
少女,1
旋风,1
19600，,1
周扬,1
齐有明,1
打坐,1
44200,1
12500.67,1
，大,1
奔波,1
赵小呆,1
冲浪,1
2G,1
购买者,1
6500.67,1
5454,1
鹤,1
傲,1
账户15,1
Anxu,1
宁海县,1
西店,1
刚办,1
转不出,1
木头,1
好点,1
北拂雪,1
史其颂,1
起航,1
扬帆,1
他家,1
sEn,1
富锦,1
36210,1
容纳,1
新入,1
买床,1
双屋,1
职,1
直售厂,1
宋强,1
床厂,1
每张,1
周边,1
购入,1
张床,1
35100,1
床铺,1
长跃,1
好意,1
里发,1
明向,1
1808,1
提拱,1
及熟,1
左,1
平走,1
李楼,1
由网,1
刘世有,1
雅思考试,1
李向,1
找小钟,1
底下,1
急加,1
李不对,1
准格尔旗,1
外地口音,1
已交,1
塑料制品,1
接诈,1
我求,1
晚自习,1
吸吸,1
满堂红,1
28560,1
两箱,1
酒商,1
完事,1
张艳波,1
直达,1
药,1
12380,1
6530,1
庄,1
就餐,1
瘦素,1
029,1
6396,1
6396Q,1
。微信,1
不醒士,1
基业,1
恒兆,1
北京东方,1
当成,1
缴费单,1
出现意外,1
退学,1
尚木,1
罗山县,1
万建芬,1
慧缘,1
厕所,1
无关,1
以熟,1
蟹,1
交买,1
职位,1
晴空万里,1
西三环,1
9345,1
巨蟹,1
木有,1
桃源路,1
壳儿,1
群里算,1
身体健康,1
请及,1
唐家湾,1
唐淇路,1
税号,1
邮编,1
特建,1
银别,1
鼻子,1
冰禾,1
31.6,1
沙岗,1
有笔,1
一队,1
卡户行,1
玻璃球,1
过才,1
35700,1
6.57,1
中要,1
李总要,1
拖,1
交接,1
顺畅,1
车子,1
南风,1
3820,1
国新,1
承办,1
没带,1
近铁,1
尚海,1
仇定侃,1
烈烈,1
本卡,1
九点半,1
王巧云,1
闲情逸致,1
误填,1
孙哥,1
先刷单,1
市值,1
找家,1
李楠,1
衍接,1
线索,1
忽,1
觉罗,1
衫,1
薄,1
下滑,1
以刷,1
各项,1
本季度,1
我司,1
下边,1
将个,1
完结,1
前转,1
事会,1
气值,1
秋川,1
太烦,1
麻烦事,1
当其想,1
不靠,1
7740,1
上子,1
打住,1
3QQ,1
yhtzr,1
605,1
君悦府,1
费到,1
中南,1
刘传意接,1
周廷斌,1
然就发,1
拉升,1
16532,1
太平洋保险,1
762,1
规划,1
海象,1
叫换,1
之输错,1
面问,1
鼓励,1
76396,1
丁晨,1
杨其政,1
普太,1
安于现状,1
18350,1
从处,1
29798,1
意钢,1
21900,1
进拉进,1
关联系统,1
管要,1
13332,1
中国工商银行-,1
石庭科,1
买取,1
种草,1
致伤,1
永劫,1
无间,1
告成,1
登封市,1
另作,1
三桥,1
云岩,1
郑州,1
汇鑫辰,1
五金材料,1
恒安,1
杜称,1
席明宇,1
杜,1
亲朋,1
移通,1
香菜,1
卷卷,1
这句,1
金沙镇,1
灯灯,1
机鬼,1
sin,1
清华北大,1
刘利宾,1
锦石,1
安波,1
中何,1
交身,1
28952,1
考研班,1
。25,1
985,1
悬念,1
弘富,1
塑胶五金,1
制品,1
举办活动,1
二中,1
借得,1
朋,1
14999,1
3960,1
小高冷,1
邮政局,1
羡慕,1
星河,1
蛋糕店,1
九步,1
天龙,1
阁,1
ü,1
泰和,1
经核,1
灰色,1
忘点实,1
营房,1
DejaV,1
忈,1
怣,1
济,1
华质,1
蓝图,1
一以,1
账之到,1
蔡冰,1
名前,1
雁栖,1
成绩排名,1
偏爱,1
福清,1
每一科,1
sun,1
刘总,1
陈总,1
以谈,1
3000（,1
万春,1
肉肠,1
妹称,1
互动,1
慷慨,1
知该,1
该用,1
续办,1
陈吓,1
德艺,1
"@,",1
午餐,1
此生,1
愿尽,1
77910,1
24650,1
53260,1
徐庄镇,1
老娘,1
文字描述,1
忙于,1
票代,1
补兑,1
二手车,1
过彩豆,1
孤街,1
浪徒,1
加报,1
18620,1
器械,1
47932,1
叫彩豆,1
独山县,1
闪电,1
风电,1
实际意义,1
三条,1
角钢,1
5883,1
其照,1
chao,1
苏义斌,1
52330,1
C2X2Y,1
李义,1
叫林,1
庄村北,1
如影,1
随行,1
58835883,1
手机信号,1
西红门,1
天以,1
订点,1
方钢,1
恒生,1
七里,1
奇其,1
8499,1
王小二,1
备焊,1
大批量,1
陌路,1
码收,1
接接,1
Betty,1
藍天白,1
xxxx,1
he,1
CP,1
转换成,1
黄楼,1
排除,1
他订,1
王将款,1
购货,1
再往,1
想补,1
加进去,1
王代,1
4541.21,1
江伟,1
律师助理,1
10753,1
16130,1
穆大钢,1
68396,1
didi,1
筛查,1
成大,1
文安县,1
铭景,1
至间,1
yxs,1
pku,1
贝,1
崇寿,1
技术手段,1
Sj1yo,1
音韵,1
35881,1
聊下天,1
永,1
攀色,1
担负,1
现金额,1
吴区,1
7176,1
答问,1
优惠政策,1
等车,1
师院,1
返程,1
龙源,1
74600,1
O,1
公交站,1
万买,1
新余市,1
4959,1
禁言,1
最转,1
3780,1
补回,1
7596,1
鸿福,1
三别,1
卡对,1
炒股,1
侥幸心理,1
占便宜,1
上会,1
先隆,1
14125,1
然点,1
17900,1
搞错,1
47420,1
74420,1
陈旭,1
江德,1
焜,1
没空,1
抱,1
上过,1
广西大学,1
为任,1
）性别,1
黄柳民,1
78400,1
任华,1
才会赢,1
富成佳,1
双印,1
无效,1
黑方,1
一万二,1
随经,1
温馨,1
轧辊,1
未办,1
。47,1
宿州市,1
浦沿,1
合并,1
帮其代,1
36000-,1
全体,1
490,1
面再,1
8.5,1
交待,1
山南,1
其建,1
47990,1
查清,1
安监办,1
谅解,1
孙昊晨,1
123,1
忠,1
埇,1
检员,1
隳,1
秃头,1
取款,1
53660,1
东园,1
439,1
就职,1
文道,1
盖法章,1
艾米,1
系中昊,1
档,1
网银别,1
东昌路,1
杨浩,1
欣悦,1
刘畅,1
间且,1
患有,1
美尼尔,1
症,1
晕厥,1
故由,1
其孙,1
返国,1
宋雨鑫,1
以换,1
澳为,1
西关,1
49280,1
桥区,1
磐石市,1
九十,1
反诈队,1
肇源县,1
构成,1
861,1
实为,1
次性,1
11000接,1
mmz,1
dy,1
成佳慧,1
敏,1
毕脆,1
孙丽蕊,1
瑶家,1
刘籽,1
道歉信,1
20775,1
3889,1
苏籍,1
亢伟,1
那报,1
断裂,1
马山,1
纸,1
会飞,1
随添,1
陪练,1
空等,1
56.9,1
赌债,1
逼迫,1
还债,1
洗脑,1
找代,1
屋里,1
之高娟,1
3111,1
志军,1
高娟们,1
高娟校,1
问用,1
王海舰,1
KFC,1
张楠,1
管高娟,1
卞成,1
杨彬,1
然不,1
杨雨,1
张林朋,1
东风路,1
黄智发,1
鞋,1
vip,1
情系,1
春游,1
拉倒,1
另卖,1
套牌车,1
23400,1
称订,1
猪款,1
Wjw,1
Re,1
陆小晒,1
47090,1
20240,1
26850,1
韩庄,1
XXX,1
拉走,1
小新叭,1
上流,1
将家,1
之子,1
报雷,1
19870.5,1
仿制,1
隐身,1
晚至,1
出是,1
5586,1
头猪,1
卖出,1
老街坊,1
一辆,1
拉猪,1
假借,1
章志龙,1
第一句,1
张银盘,1
318,1
中汇,1
盐城,1
纷纷,1
奇灵国润,1
传动,1
这过,1
聘上,1
约于,1
刘旭航,1
郑东新,1
色,1
2799.75,1
950,1
李佳,1
直呼,1
别谈,1
包间,1
微然,1
做错,1
拉群,1
32300,1
艾佳,1
然是,1
90303,1
监考,1
5000，,1
留意,1
40303,1
单让,1
刘继龙,1
因报,1
赵金龙,1
31176,1
0811,1
baby,1
5025,1
】报称,1
万永,1
称假,1
要刷花,1
进步,1
师大,1
锦州市,1
南超,1
黑山县,1
局黑,1
漕河泾,1
仁千,1
五四,1
加高,1
黄水,1
采样,1
微博码,1
snile,1
被现,1
领晟,1
济南,1
审计,1
税务员,1
下周,1
李敏,1
勘验-,1
其本共四,1
微信雨虹,1
31170.7,1
2174.7,1
28966,1
此警,1
无需,1
烟圈,1
排名,1
员诈案,1
b,1
经析系,1
帮主,1
播上,1
中先,1
前十,1
精力,1
台路,1
没考,1
学了,1
征得,1
因何,1
二微信,1
竹叶青,1
石井乡,1
紧向,1
114,1
转十笔,1
凌奥,1
华恒,1
中过,1
完称,1
点转,1
打当,1
极低,1
至该,1
打至,1
流动,1
执勤,1
嘉源趣,1
3890,1
伽青,1
自考,1
就们,1
埃森哲,1
张卡转,1
Bailu,1
柳林,1
胥鑫,1
专户,1
暂收,1
上华,1
他别,1
1738,1
屈阳,1
等员,1
4888,1
雪狼,1
寂寞,1
谈及,1
往外,1
博聪,1
壮族,1
罗厉,1
11998,1
斩,1
1998,1
skzj,1
同婉莹,1
喜士,1
翼,1
养殖场,1
原粉,1
康牧,1
东宇,1
模具公司,1
盗号,1
算了算,1
房屋,1
银建,1
四声,1
受限制,1
谨防,1
禁止,1
笨蛋,1
彧,1
yu,1
笙,1
处称,1
sha,1
句号,1
平湖,1
0853,1
光下,1
腾隆,1
玩耍,1
问体,1
中共党员,1
伴,1
奈曼旗,1
自来水,1
填加,1
一想,1
越想,1
闯荡,1
兴趣班,1
用假,1
无双,1
服务公司,1
其和陆,1
华南城,1
向桥,1
特等舱,1
相亲,1
天枢,1
方便使用,1
小红书,1
一望无际,1
空号,1
小雨,1
一千,1
974Q,1
9968,1
14989,1
持本,1
上大一,1
枫,1
门市,1
晚其,1
万整，,1
。7,1
机关,1
出海,1
健康证,1
因和别,1
以此为准,1
8590,1
7690,1
金豆,1
C88,1
meet,1
小土,1
新埃发,1
宝安区,1
酒去,1
喝完,1
信息港,1
哈尔滨工业大学,1
】千灯,1
衿,1
熟加,1
32200,1
绕开,1
本发,1
绿化,1
供电,1
回忆,1
马尔可夫,1
金让,1
工伤,1
73200,1
金随,1
校外,1
脑部,1
开除,1
主语,1
找话,1
11489.1,1
12906,1
15%,1
支付，,1
咨办,1
抖币,1
个加,1
返卷,1
群内教,1
王彦东,1
彼岸花,1
刘丁,1
尹德亮,1
张吉云,1
李艳刚,1
旌中,1
东烨,1
銮,1
农庄,1
49999,1
侦，,1
钟兴桔,1
65900,1
故事,1
町,1
万翼飞,1
0555,1
1388,1
建新,1
71,1
39100,1
已向,1
称其报,1
需再交,1
数个,1
ko7,1
其下,1
其宗易会,1
加工厂,1
61700,1
砍价,1
蔡觉,1
曲阳,1
精品,1
石雕,1
返百之,1
宗易会,1
不能自己,1
2538,1
了31,1
55900,1
续有,1
课程内容,1
APP（,1
形象,1
9100,1
出血,1
小名,1
端,1
颜,1
控股集团,1
置,1
大江,1
大庙,1
條佬,1
不办,1
兴区,1
清城,1
邓数,1
龚伟谊,1
外头,1
问号,1
远东,1
别私,1
1099,1
再发,1
身在,1
工能,1
3649,1
4648,1
福英路,1
正大,1
曲阜,1
拔,1
经行,1
32590,1
现故,1
42150,1
41850,1
抓进,1
交块,1
发言,1
东头,1
现不,1
转调,1
丽,1
藤椒冰,1
美式,1
千给,1
柳州市,1
中山,1
至次,1
汪总,1
北以,1
一有,1
唐河县,1
一类,1
她家,1
出面,1
记下,1
之加,1
之于,1
保工街,1
艳粉,1
CSGO,1
之们,1
玩完,1
包赫来,1
西瓜,1
福利品,1
包赫,1
下往,1
云谷,1
校医,1
余杭区,1
应聘,1
发要,1
健策,1
701,1
鳥,1
弑神,1
猎手,1
繁,1
敷衍,1
东丽区,1
总站,1
保安队,1
详细信息,1
飛龍,1
收款员,1
栾金,1
中街,1
郭一亮,1
隺,1
17600,1
附上,1
安柏,1
梅花,1
山庄,1
Na,1
保函费,1
保函,1
3978,1
Bell,1
我票,1
字母,1
取到,1
一截,1
里里外外,1
先向取,1
34023,1
21270,1
疏忽,1
会转,1
售办,1
绵羊,1
陈医生,1
因买,1
您好,1
办里,1
3263,1
携,1
小六想,1
魑魅魍魉,1
。2,1
化学,1
No.74,1
托管,1
学海无涯,1
湖数,1
向士团,1
18888,1
门路,1
Guo,1
成都市,1
云布,1
33888,1
纵横,1
田义兵,1
药品,1
Aaaah,1
洋河,1
酒厂,1
桂庄,1
亮梅,1
。53,1
28900,1
Li32,1
Kral,1
多至,1
闻,1
罗飞燕,1
杨舍镇,1
sohu,1
万补满,1
416,1
建民,1
补助金,1
伟康,1
蓝驰,1
创投,1
错乱,1
算下来,1
细节,1
万17,1
两条,1
）于,1
抢票,1
其解,1
响堂,1
默默,1
附属,1
抵津,1
其需,1
故以,1
燃眉之急,1
想太多,1
4004,1
蔡汉珠,1
950.95,1
一问之下,1
公款,1
信誉,1
帽子,1
退货,1
鹏飞,1
承包,1
礼卡,1
接孙生,1
课数,1
环保局,1
因涉嫌,1
先顺,1
双阳区,1
之史,1
他现,1
迟点,1
再过,1
1D11,1
赛格,1
看书,1
920,1
没转,1
不台,1
码未,1
里教,1
被判,1
转用,1
织北,1
记忆,1
恶心,1
2460,1
9919,1
轻轻,1
小孩子,1
念书,1
出款部,1
操作步骤,1
扫该,1
海上,1
课文,1
员诈,1
11960,1
圆山,1
美树,1
手术室,1
苍南,1
因系,1
宴会,1
三班,1
系到,1
蓬莱,1
奥,1
我洮昌,1
饮料,1
压缩饼干,1
本班,1
杨拉举,1
王开,1
不得不,1
报诈案,1
墨迹,1
主治医生,1
独自,1
急病,1
由出,1
吉祥如意,1
杨锴,1
地天泰,1
5000.68,1
账其,1
李阿丽称,1
颜小辉,1
李阿丽,1
订不着,1
朱行,1
头镇,1
花落,1
红头,1
孟,1
额外,1
奖励,1
捆绑,1
静观,1
其知,1
卧室,1
大通,1
750,1
周政,1
5ZLO,1
良渚,1
长子县,1
中秋节,1
区锦辉,1
开班,1
53000,1
制,1
帕奎,1
ZG,1
展祥,1
75195,1
格格,1
明湖,1
白利娟,1
省,1
4010,1
2000.07,1
2000.08,1
8000.15,1
冼志清,1
77,1
向况,1
中胤,1
老浩权,1
3.8,1
全用,1
警察局,1
文明,1
腾飞,1
王会平,1
谭超,1
两份,1
蒋志杰,1
梅小,1
商圈,1
郑阳,1
2.4,1
凡是,1
保险资金,1
反洗,1
桄宝,1
花找,1
别起,1
共用,1
期会,1
返为,1
经和其,1
。08,1
套取,1
赞,1
方系,1
何山,1
账慢,1
审查,1
范围,1
江门,1
刘锦彬,1
微博话,1
出货,1
.沈河局,1
外网,1
面就加,1
Yippi,1
检查费,1
来办,1
彩,1
东陵,1
九尾,1
她定,1
81187,1
选定,1
11426,1
卡向举,1
32687,1
编号-,1
2023.4,1
6802,1
4305,1
董银枝,1
5127,1
2497,1
订住,1
小秋酱,1
邹易,1
候用,1
。36,1
11064,1
文成,1
然张,1
▪,1
Una,1
大堡,1
然转,1
几千,1
386.3,1
杂牌,1
白糖,1
蘸,1
就定,1
盗圣,1
YL,1
派发,1
旅馆,1
1280,1
5780,1
闫森龙,1
21360,1
嗷,1
哲晨,1
没住,1
其朋微信,1
郑涛,1
张敏,1
李路,1
浩,1
刘潇,1
孙权,1
共创,1
配件厂,1
5847,1
随才,1
株洲,1
依诺,1
国网,1
国内外,1
金财,1
这会事,1
精品店,1
24430,1
29.8,1
帮其代邮,1
职业高中,1
赣榆县,1
寄回,1
卢河,1
尚镇,1
投机,1
李红,1
兰溪,1
巷绿苑,1
李红君,1
远征,1
叫罗志,1
宽,1
微信诈，,1
邓余,1
转卡,1
77430,1
辽东湾,1
题,1
全会,1
交之,1
小面包,1
拆逆死,1
26400,1
更大,1
机卡,1
26830,1
在续,1
5939,1
35635,1
41574,1
KTM,1
三角,1
冫,1
丶,1
然对昂,1
聚师,1
53370,1
陈某,1
给然,1
3888,1
讲能,1
但数,1
华路,1
按装,1
封兵,1
盘山县,1
学府,1
名城,1
新江,1
工控,1
诚榕,1
氵,1
完全一致,1
群聚,1
0550,1
黄员员,1
。是,1
行唐县,1
雄卫,1
发以,1
临颍县,1
看过,1
动,1
就拉进,1
就照,1
没看,1
46.5,1
东运辉,1
滨河路,1
黑色,1
孙文彬,1
操作方法,1
王立国,1
不愿个,1
备付,1
套点,1
高利率,1
然孙文彬,1
honor,1
带队,1
。38,1
庞明,1
建国,1
购,1
第二部,1
第一步,1
施小芳,1
下旬,1
建造师,1
万有引力,1
75919,1
两把,1
南粤,1
38265,1
37654,1
不定期,1
上门来,1
车险,1
轿车,1
天通苑,1
基层,1
A型,1
YCP,1
母鲁生,1
而用,1
事便,1
主任医师,1
职称,1
CUTEY,1
点实,1
表达,1
圣图,1
个别,1
因现,1
17500,1
会退,1
再来,1
辞职,1
不干,1
80757.4,1
晋升,1
存过,1
追赃,1
将拉到,1
刘志平,1
朱进,1
万科,1
机就,1
招呼,1
风清云淡,1
四群,1
黎黎,1
沧州,1
代回,1
往来账,1
宝山区,1
江杨,1
1658,1
现已查明,1
挽损,1
跟发,1
泰格,1
永顺,1
图到,1
机械制造,1
梁丰,1
截个,1
刘喜玲,1
吴氏,1
并接,1
华东政法,1
法学院,1
信息业,1
恰巧,1
莫名其妙,1
14250,1
陈小云,1
大新,1
歌厅,1
沙滩,1
臧某,1
一百四十四,1
第一款,1
需对,1
施,1
马上会,1
60000-,1
。40,1
学习材料,1
李育,1
AA,1
为用,1
非涉,1
该段,1
符国辉,1
转战,1
北门,1
娱乐场所,1
其款,1
须用,1
中医药,1
春节,1
闹事,1
其开,1
胜利,1
痘,1
自热,1
米饭,1
克罗米,1
诈员用,1
亓荣官,1
其近,1
病例,1
例猴,1
于银河,1
现付,1
长子,1
营镇,1
城营,1
兜里,1
有糖,1
买个,1
风雨,1
。表哥,1
威廉,1
高等,1
监察,1
御史,1
其能行,1
频繁,1
嫑,1
XD,1
业务流程,1
金湾区,1
被临,1
码中,1
宋伟涛,1
芸屏,1
张家口市,1
陈翔,1
刘佳文,1
赤城县,1
岑明,1
china,1
梦幻,1
同步进行,1
抢走,1
相像,1
一下子,1
关镇,1
具体操作,1
加称,1
23690,1
36820,1
37089,1
龙园,1
回商,1
待查,1
微机室,1
Lee,1
内接,1
西乌,1
旗,1
7393,1
花镇,1
吃喝玩乐,1
加着,1
法拉第,1
249,1
愚,1
吴则勤,1
熊天金,1
一其,1
新冠暂,1
痊愈,1
基地,1
遇,1
搬,1
予,1
博客,1
服,1
1818,1
啊哈,1
巡山,1
性,1
肿瘤医院,1
六点半,1
耀华,1
朗琴园,1
随反诈,1
中向,1
隔,1
有异,1
三联,1
玻璃厂,1
中国科学院,1
中国农业银行-,1
一汽,1
安眠剂,1
青楼,1
头牌,1
向聪,1
尔要,1
报不上,1
桑迪亚,1
为此,1
78500,1
39500,1
169,1
海熙,1
93700,1
改用,1
思博易,1
780,1
早其,1
46800-,1
合理,1
文苑,1
）58,1
柏榆,1
谈崩,1
最葛凯们,1
期其,1
黄虎,1
罗阳,1
华北,1
901,1
一汽大众,1
王海波,1
收尾,1
没过,1
序号,1
需转,1
宁河,1
阿根廷,1
称其转,1
沈梦香,1
之葛凯,1
现对,1
女明星,1
。蔡,1
绥安,1
很久,1
前线,1
永利,1
娱乐,1
81739,1
2.72,1
17200,1
银行行长,1
财通,1
西湖区,1
新街口,1
陆皆团,1
小尾羊,1
48640,1
"）""",1
蔓古丰,1
66776,1
然孙光,1
北大,1
塘区,1
西乡,1
75,1
6.38,1
美兑,1
73063.76,1
4960,1
气功,1
光是,1
11482,1
淮安,1
语过,1
SWIFT,1
交不,1
桦欣,1
塑胶制品,1
前因,1
在裕溪路,1
mpay,1
影院,1
合钢,1
合全,1
系诈子,1
10000.89,1
阚,1
萌新,1
万反诈,1
完再,1
cm,1
26666,1
天虹,1
打需,1
华源,1
和平路,1
交易平台,1
1041,1
裕溪路,1
58081,1
会用,1
2238,1
孙林,1
雪糕,1
苏黎世,1
阚总,1
久之,1
之接,1
阚总在,1
阚总给,1
裴亚,1
998.72,1
因购买,1
转买,1
稍等一下,1
高额,1
姜总在,1
门关,1
52500,1
一段话,1
3398,1
船务,1
398,1
虎鲸,1
候姜,1
0089,1
安芯,1
62300,1
某谈,1
亿企来,1
语数英,1
2023.1,1
兰家镇,1
广宁,1
漕镇纪,1
王村,1
南二村,1
910,1
不予,1
。杨柳,1
姜总,1
前未,1
1104,1
上楼,1
苏湖,1
泥,1
28600,1
六科,1
45500,1
来意,1
评估,1
小于,1
买板,1
穷,1
苗覃,1
琪,1
XRH，,1
无聊,1
39468,1
沙洋县,1
文昊,1
挣点,1
经电诈,1
然开个,1
保单,1
判定,1
木偶,1
西安,1
蓝天白云,1
胡斌,1
二组,1
然又发,1
濉溪,1
王秦,1
姜总换,1
拉得,1
来趟,1
软胶,1
泰国,1
1350,1
CC,1
六张,1
宽城区,1
8600-,1
没提,1
贺银向,1
本息,1
详情请,1
良退,1
给定,1
四张,1
强制,1
何勇,1
2010,1
韦忠,1
虞,1
全胜,1
接昱斌,1
高顺吉,1
爱美丽,1
十多,1
查学勒,1
唠,1
张美慧称,1
78450,1
饮尘霜,1
医技,1
住院费用,1
赖账,1
张鑫,1
增加,1
320,1
想回,1
货币流通,1
存有,1
12850,1
33850,1
员拉入,1
此条,1
意外,1
等会儿,1
好多个,1
程序员,1
其在代,1
谈话,1
姚寨,1
just,1
充到,1
3388,1
亏损,1
412,1
查出来,1
对不上,1
走廊,1
九千,1
13872.42,1
拉票,1
善待,1
摆渡,1
4497,1
万香,1
这王,1
青祁,1
做力,1
智杰,1
卓信,1
医云,1
医家,1
705,1
五个,1
俄文,1
润诚祥,1
何事,1
晶上,1
然没,1
999.07,1
董其,1
样品,1
天给,1
取货,1
局永阳,1
在校,1
乘机,1
防城港,1
金铭,1
15200,1
完其,1
66200,1
陈鹏,1
11573,1
再交升,1
早餐,1
南半球,1
调价,1
媚媚,1
五六个,1
死,1
没去,1
交个,1
代收,1
笔账,1
356,1
T6853,1
买来,1
该金,1
严黄红,1
天坤,1
铁路,1
二万,1
过会儿,1
很快,1
城乡,1
40416,1
10.26,1
。22,1
剑涛,1
798.55,1
冲账,1
7348,1
80832,1
995.27,1
崇明,1
糕点,1
吴震,1
彭路,1
两江,1
799.63,1
学习用品,1
这类,1
5722,1
需从,1
多点,1
4271,1
病情严重,1
七巧板,1
其多,1
同乡,1
宜川,1
推迟,1
Amy,1
羲,1
4591.24,1
请勿,1
海纳,1
未读,1
对法,1
借条,1
K212,1
即到,1
我抖,1
接院,1
富婆,1
自报家门,1
提及,1
作证,1
潘家园,1
砸,1
陈永强,1
.--,1
有利于,1
张朝莲,1
驾车,1
本该,1
头上,1
甩出去,1
经协,1
协警,1
建设局,1
备足,1
箱永耀,1
货到付款,1
永耀,1
利生,1
A003G,1
48-,1
3740,1
知安,1
收银员,1
】06,1
称想报,1
叙康,1
安监站,1
站长,1
筹措,1
阿国,1
1312,1
至称,1
下其先,1
群内别,1
8449.65,1
场口,1
视,1
55740,1
斗界,1
税务所,1
A0000,1
视呈斗界,1
6787.95,1
区间,1
4506,1
信道,1
杨世明,1
椰琳,1
现共,1
浙富,1
温州,1
诈财,1
韩有,1
子公司,1
全资,1
容来,1
株式会社,1
本三电,1
控股公司,1
以该,1
问好,1
诈17,1
波酱,1
掌门,1
姿势,1
龙哥,1
印尼,1
视频卡,1
顿,1
清晰,1
始终保持,1
嘴部,1
发艺,1
动作,1
部位,1
王江怡,1
别以,1
刘建刚,1
农生,1
通江,1
故至,1
王希明,1
已同本,1
好友-,1
周智清,1
因叫,1
收烟,1
陈工,1
现象,1
自营,1
李华如,1
宾阳,1
有品,1
盗得,1
局鲁汇,1
百通,1
农菊清,1
王铁铁,1
微博且,1
发烧,1
73697,1
卫,1
清查,1
降低,1
高息,1
授信,1
合约,1
限游,1
降息,1
壹份,1
牛肉面,1
有大,1
单接,1
光芒,1
德佑,1
降准,1
最低,1
季世,1
然林小霞,1
赵中升,1
余序,1
65399,1
33899,1
10539,1
错单,1
星野,1
降到,1
电饭煲,1
附有,1
巨力,1
姚江洪,1
发文,1
胡入,1
查封,1
查出,1
驰茂,1
管理处,1
23589,1
5940,1
dhfnj,1
上海理工大学,1
发机,1
陈先海,1
威孚,1
at006,1
四万多,1
拿不出,1
陈思诚,1
蜡笔小新,1
白小白,1
Aand,1
张奕华,1
林倩雪,1
收二,1
三五,1
称亲,1
方庄,1
未向本,1
韩亚,1
9272,1
过教易,1
208,1
at003,1
420,1
陆瑶,1
郑光伟,1
郭红玲,1
冰菀,1
小贤,1
鼎屹,1
随会,1
入境,1
上周,1
本买,1
载图,1
晋城,1
景潮,1
印刷,1
宝利,1
计算机软件,1
到处,1
银打,1
找称,1
到校,1
印象,1
普陀,1
新办,1
夫妻,1
试试,1
天使,1
陈金恩,1
崧,1
黄维,1
员退,1
画画,1
模拟考试,1
称缺,1
浴室,1
睡下,1
丹凤,1
微商,1
热水,1
罐,1
26480,1
26840,1
Waive,1
归戾,1
保税区,1
经向本,1
6160,1
十三次,1
li,1
蒋先生,1
江湖,1
邱村,1
通贤镇,1
九次,1
看能,1
任职,1
7950.37,1
前要,1
江门市,1
志愿者,1
18960,1
第十次,1
任丘市,1
小鑫,1
称未加,1
+【,1
杰璇,1
马路边,1
共为,1
二是,1
第十三次,1
第十一次,1
梅陇镇,1
曙,1
建路,1
瑞可,1
第十二次,1
面包店,1
刘小二,1
联,1
壹拾,1
刘洋,1
网安等,1
35560,1
欧易,1
贝贝,1
Yii,1
亿全,1
华易,1
拉索,1
86600,1
差付,1
周圩荣裕,1
港镇,1
5926,1
4338,1
调,1
库儿,1
陈潇,1
2，,1
智超,1
杰,1
跳,1
刘生,1
易捷,1
面前,1
万特,1
其码,1
is,1
小妞,1
大闹,1
1.1,1
胡姐,1
4892,1
利益,1
辛锁柱,1
杨强,1
体检费,1
17657,1
41200,1
43508,1
陈利玲,1
身份验证,1
4998.16,1
祝桥,1
抑郁症,1
4999.38,1
送客,1
饭到,1
送过,1
30233.54,1
卡以,1
25668,1
付一,1
清和街,1
留学生,1
粤籍,1
生如夏,1
秣陵路,1
猫眼,1
华丰,1
陈函植,1
筹备,1
8149,1
一步步,1
制裁,1
平常,1
海淀,1
看微博,1
籍贯,1
引用,1
立臻,1
888,1
服装,1
总台,1
长寿,1
钟山县,1
慰问,1
春风,1
禾伦,1
刻画,1
甘琪,1
安可,1
回号,1
否-,1
32384,1
37384,1
转化,1
城厢,1
----,1
仙掌,1
亲临,1
号然,1
wixd,1
没头脑,1
喜悦,1
勾勾,1
桃桃,1
纱雾,1
借非本,1
十周,1
王世豪,1
进到,1
】左右,1
王海军,1
高仕达,1
传来传去,1
话筒,1
传来,1
完税,1
剩几钟,1
本和税,1
0219,1
压到,1
腿毛,1
预付金,1
lz,1
妮,1
微博要,1
熬夜,1
师范学院,1
淘金,1
）抚顺县,1
算出,1
25075,1
该抖,1
久曜,1
原件,1
称村,1
法章,1
。:,1
内去,1
七次,1
明展,1
撤销,1
皓域,1
王健,1
向磊,1
坏脾气,1
其有个,1
电销,1
妇女,1
居民委,1
朴东先,1
如沫,1
工作文件,1
保管,1
员加,1
门票,1
当镇,1
安城,1
❀,1
五哥,1
情小明,1
四合,1
诡称,1
彰武县,1
顺达,1
车队,1
滨江,1
738,1
广汇,1
区琴景,1
单帮,1
。黑龙江省,1
刀茅巷,1
农贸市场,1
宝鸡,1
凤翔,1
在业,1
别刷,1
北部湾,1
陆信,1
艳阳,1
闲林,1
其教,1
哔哩里,1
3200-,1
带上,1
接是,1
海之蓝,1
泸县,1
周一,1
全网,1
曾茂拉进,1
朝发,1
哈哈哈哈,1
万款,1
曾茂向,1
辛俊,1
优异者,1
曾茂称,1
受邀,1
要称,1
385,1
逐渐,1
下课铃,1
B506,1
亲信,1
APP，,1
接交,1
大船,1
本科生,1
上尉,1
总结,1
邵本玲报,1
以用,1
黄马,1
养,1
。前天,1
外语,1
孔垂,1
曹格,1
知其,1
向龙钧,1
燃,1
勘,1
杳清子,1
百花,1
345,1
穗,1
公海,1
罗马,1
一罐,1
达拉特旗,1
打翻,1
11400,1
煮蛋,1
瑶虞雨,1
佳境,1
天城,1
然微博,1
IQQ,1
把头,1
孙允澍,1
柴嘉乐,1
腾隆缘,1
德友,1
鑫发,1
艺术,1
老林,1
问转,1
苏打,1
填报,1
一包,1
6020,1
3020,1
币里,1
但平,1
朴东称,1
传,1
如梦,1
次以,1
62.224,1
想本,1
从业员,1
其拉货,1
f,1
。2019,1
展,1
www.116,1
签收,1
木床,1
师交过,1
泰康,1
金融证券,1
141,1
锦丰,1
提了,1
水韵,1
南岗,1
局反,1
三级,1
沈抚,1
中牟,1
蚕丝被,1
1114,1
98287,1
其先别,1
不带,1
内科主任,1
偶像,1
8488,1
9799,1
好之们,1
普兰店,1
候就会,1
广电集团,1
698.5,1
纪本春,1
13262,1
并代其,1
资兴,1
航天,1
未以,1
商定,1
德厚,1
李晓凤,1
Sttyi,1
现微博,1
之帮,1
俩个,1
班微信,1
胖头,1
局孛兰,1
诈群,1
七千,1
咖啡厅,1
庆,1
8888,1
三倍,1
内零发,1
卡扫,1
现群,1
铖,1
系天润城,1
提议,1
撤案,1
牵云,1
税务机关,1
问向,1
除本外,1
545,1
神,1
游玩,1
三封,1
景点,1
按键,1
团子,1
账且,1
永嘉县,1
4555,1
沙头,1
21126,1
季邱懿,1
肥乡,1
涛声,1
卡是,1
行事,1
物产,1
信会,1
再汇,1
保车,1
放走,1
台车,1
900018000,1
履行,1
反正,1
12200,1
高桥镇,1
投标,1
德胜门,1
四驱,1
u0u,1
集团股份,1
汝阳,1
。出警,1
电台,1
665,1
糖,1
二十家,1
百荣,1
商贸城,1
B座,1
进家,1
兜兜,1
雷甸镇,1
肥,1
双溪,1
村迈,1
加尔,1
窦先,1
麻将,1
哈灵,1
朝阳县,1
共发,1
何用,1
Bio,1
64050,1
随前,1
会花,1
朱艳用,1
淡写,1
!,1
候哥,1
HG,1
三十五岁,1
已登记,1
徐家,1
呼,1
叽叽,1
听筒,1
安驰,1
桨,1
染冉,1
家具厂,1
仓为,1
要升,1
22780,1
过要,1
张泾姓,1
）一个,1
32780,1
自带,1
其在国,1
4.257,1
返券,1
68888,1
李敬敬,1
14204,1
dany,1
敬,1
个贷,1
半程,1
风云,1
小鹿,1
品牌手机,1
有预,1
小唐,1
A0,1
0411,1
石越,1
飞鹏,1
为于,1
先款,1
补立,1
双彩店,1
蕊,1
达赫,1
悦刻,1
22522,1
然换,1
沁源县,1
29109,1
0079,1
最多,1
被们,1
宋彩平,1
文冠国,1
万寿路,1
。2020,1
打打,1
远在他乡,1
缘来,1
处欧,1
潞植园,1
852,1
心愿,1
94800,1
便利,1
异点,1
段倩,1
已拉黑,1
小苹果,1
李军光,1
公开,1
00853,1
拉拉,1
41400,1
信合,1
掉入,1
水中,1
用别,1
锦苑,1
肄业,1
环境,1
jaci,1
水军,1
3084,1
东吴,1
仁海,1
375.8,1
缑玄,1
Z,1
催转,1
结尾,1
留不住,1
奢侈品,1
本所为,1
姜小姜,1
10.2815,1
都督,1
因熟,1
丰,1
认购,1
7300.02,1
16000.01,1
海峰,1
用点,1
3050,1
768,1
所在区域,1
ooo,1
19481,1
115,1
可升舱,1
镇明,1
精品课程,1
慧,1
开建,1
释放,1
接新,1
咋办,1
永远,1
小姨子,1
杨天帅,1
没多,1
不熟,1
打下,1
假小周,1
。今天下午,1
惨,1
立个,1
软磨硬泡,1
纸质,1
斗,1
点之刷,1
小区业主,1
提成,1
思特奇,1
黄金魁,1
萍乡市,1
浩苑,1
n3,1
26991,1
80974,1
dd,1
68600,1
死活,1
n2,1
n1,1
点有子,1
6927.51,1
网络漫游,1
平安保险,1
之欧,1
课来,1
XL,1
中正,1
麻演,1
绮丽,1
两回,1
厂广洲,1
将林佳,1
纯拉进,1
新冠,1
中山市,1
染上,1
初刚,1
7123,1
贵阳市,1
帮其要,1
音里,1
麻,1
孙戴军,1
问林佳纯,1
本以,1
黄码,1
特有,1
写真,1
饿,1
30358,1
69160,1
患病,1
记下来,1
华为公司,1
鼎贵,1
定购,1
徐吴杰,1
打款方,1
两方,1
之林佳纯,1
林佳,1
佳宇,1
口述,1
啤酒瓶,1
；至,1
中秋,1
0105,1
换掉,1
实久信,1
小陆,1
萬事勝意,1
改不了,1
崩,1
罚金,1
泡泡鱼,1
组内,1
所作,1
砸伤,1
荷包蛋,1
纯称,1
一办,1
呈现出,1
。兴隆,1
鑫园,1
无意间,1
捕鱼,1
波克,1
电影,1
一個,1
销售员,1
灵川,1
一用,1
赔为,1
倩,1
野,1
行程,1
工在,1
看上去,1
56550,1
食杂,1
燕莎,1
金源,1
女号,1
通国,1
即发,1
爱陵路,1
901e5t,1
伯瑞思,1
柏瑞思,1
千万别,1
模块,1
4580,1
星浩,1
账动,1
杉德,1
环邮,1
毛巾,1
培训部,1
哪位,1
2516,1
梁燕,1
棉,1
沐,1
违法行为,1
猪猪,1
北美,1
小咪,1
社会保险,1
公共服务,1
数科,1
区块,1
叮嘱,1
前海,1
微众,1
消除,1
挺熟,1
19750,1
TUD,1
）将,1
迅,1
79400,1
呆,1
地主,1
爱丝,1
高峰,1
可观,1
以外,1
焦红岗,1
.（,1
电缆线,1
14.9,1
超董,1
发货单,1
间付,1
这趟,1
经济往来,1
很熟,1
建武,1
王当,1
两段,1
61650,1
31850,1
朵儿,1
伊,1
YYFS,1
发号,1
8699.99,1
彭开军,1
其出,1
以本,1
炸,1
现想付,1
小可,1
颂,1
呗然,1
别套,1
23650,1
半天,1
之微信,1
柚子,1
独行侠,1
滞纳金,1
保管费,1
深造,1
输出,1
接猗氏,1
10600,1
我话,1
股券,1
东亚银行,1
该系,1
半仙,1
豆,1
听听,1
87800,1
要次,1
执著,1
微博台,1
8.8,1
Libra,1
奶罩,1
澳洲,1
借出来,1
90600,1
取往,1
0427,1
普,1
国际航班,1
回信,1
3807,1
32000-,1
卡打款,1
刘要,1
创,1
二十套,1
攻击,1
花瓶,1
雕刻,1
网银出,1
椅圈,1
爱思益,1
街锋,1
花去,1
周移,1
97800,1
麦秋,1
小池,1
蛙声,1
原微信,1
金宝水,1
石泉,1
科创,1
1402,1
室称,1
导航,1
小额贷款,1
个头,1
一代,1
启牛,1
细目,1
特钢,1
景泽话,1
张凤点,1
问景泽,1
景泽用,1
用景泽,1
第二期,1
景泽借,1
第一期,1
以景泽,1
1406,1
红旗路,1
并诺,1
然高佳颖,1
还同,1
金桥,1
之景泽,1
景泽打,1
永通,1
张凤去,1
其真,1
咱俩,1
万至子,1
张凤发,1
张凤问,1
敢借,1
出资,1
雅鹿,1
凤能,1
笔于,1
巨大,1
明红,1
太过,1
男装,1
到市,1
嘉定区,1
丰庄路,1
把拉入,1
里装,1
5228,1
新金桥,1
null,1
59300,1
广安市,1
司法,1
20080,1
上路,1
吓唬,1
不见,1
实情,1
饮用水,1
德叔,1
肚子,1
刻意,1
多名,1
已有,1
班费,1
52360,1
沛,1
间延,1
39280,1
问道,1
鹤岗,1
向跃跃,1
35300,1
土家族,1
沧源,1
找办,1
海延锋,1
预想,1
小七,1
折,1
明，,1
宏达,1
付费,1
用微,1
信付,1
刘小虎,1
特此,1
4944,1
精,1
大屯,1
1944,1
潇洒,1
hey,1
圆脸,1
果冻,1
飞远,1
台步,1
申领,1
会刷,1
宣称,1
震,1
震平,1
被加,1
此微信,1
众志,1
1012,1
以微博,1
用法,1
机刷,1
不回话,1
365,1
吉首,1
乾州,1
扫进去,1
再面,1
妃,1
书旺,1
孙明花,1
法子,1
东海,1
赵扬庆,1
1212,1
随将本,1
开颅,1
张用,1
白颜诚,1
世茂,1
王孝,1
抛售,1
政攀,1
柯贤伟,1
帮补,1
爱到,1
度们,1
打好点,1
周报,1
翠城,1
候和爱,1
避免,1
30430,1
39430,1
机房,1
发卡,1
那多,1
三十,1
好看,1
还续,1
：(,1
办手续,1
调研,1
其自,1
称其到,1
石柱,1
姜曼,1
17676.5,1
甜酒,1
故对,1
百花山,1
盛超,1
顺超,1
徐正皓,1
奶盖,1
渟,1
中国民航,1
工程学院,1
工科,1
实验班,1
罗钰锋,1
贷出,1
从往,1
】称,1
美定,1
越溪,1
差点,1
圆圆的,1
屑,1
旋,1
一加,1
贷里,1
打其,1
情节,1
蝶梦,1
管理者,1
队员,1
已达,1
芝士,1
种康康,1
封校,1
8899,1
41706,1
17355,1
其输错,1
账户报,1
19362,1
13445,1
网银用,1
无子,1
为者,1
35400,1
高风险,1
抵沪,1
办事员,1
坐车,1
遗失,1
昊天,1
刑大堪,1
相关性,1
陈海伟,1
敬业精神,1
李伯文,1
压错,1
压完,1
做到,1
没退,1
过退,1
中凯,1
文昌,1
诱饵,1
滕州,1
缇,1
毛立发,1
